gml_id,length,Cement,Steel,Gravel,Sand,Lime,Fly ash,Copper,Aluminum,Total
layer_railway_pl.243,321.3911454892797,1298.4202277766901,112.4869009212479,4483.406479575452,2098.6841800449965,490.1214968711516,83.24030668172345,4.178084891360636,3.8566937458713566,8574.394370508493
layer_railway_pl.244,1289.6649380964911,5210.246349909824,451.3827283337719,17990.82588644605,8421.512045770087,1966.739030597149,334.02321896699124,16.765644195254385,15.475979257157894,34406.970883476286
layer_railway_pl.245,477.69050395771495,1929.8696359891685,167.19167638520022,6663.782530210124,3119.3189908438785,728.4780185355153,123.72184052504818,6.2099765514502945,5.732286047492579,12744.304955087879
layer_railway_pl.246,42.007666254967276,169.71097167006778,14.702683189238547,586.0069442567935,274.31006064493636,64.0616910388251,10.879985560036525,0.5460996613145747,0.5040919950596073,1120.722528016272
layer_railway_pl.367,1548.7411244675056,6256.914142848723,542.059393563627,21604.9386863217,10113.279542772812,2361.830214812946,401.12395123708393,20.133634618077572,18.584893493610068,41318.864459668584
layer_railway_pl.368,700.8663823588581,2831.5001847297867,245.30323382560033,9777.086033906071,4576.657476803343,1068.8212330972588,181.52439303094425,9.111262970665155,8.410396588306297,18698.414214951976
layer_railway_pl.369,30.10063840957291,121.60657917467455,10.535223443350517,419.90390581354205,196.5571688145111,45.903473574598685,7.796065348079384,0.39130829932444783,0.3612076609148749,803.0549321289957
layer_railway_pl.370,316.74231054642746,1279.638934607567,110.85980869124961,4418.555232122663,2068.3272878681714,483.03202358330185,82.03625843152471,4.117650037103557,3.8009077265571296,8450.368103068138
layer_railway_pl.371,31.116535979807242,125.71080535842125,10.890787592932535,434.07567691831105,203.1909799481413,47.45271736920605,8.059182818770076,0.4045149677374941,0.37339843175768694,830.1580634052774
layer_railway_pl.372,29.77978874921204,120.31034654681666,10.422926062224214,415.42805305150796,194.46202053235461,45.41417784254836,7.712965286045919,0.38713725373975655,0.3573574649905445,794.494984040228
layer_railway_pl.373,334.67205173611603,1352.0750890139088,117.13521810764061,4668.675121718818,2185.4084978368373,510.37487889757693,86.68006139965405,4.350736672569508,4.016064620833393,8928.71566826784
layer_railway_pl.374,970.4907344284899,3920.782567091099,339.67175704997146,13538.345745277435,6337.304495818038,1479.9983700034472,251.35710021697886,12.616379547570368,11.645888813141879,25891.72230381768
layer_railway_pl.375,922.2266318237909,3725.795592568115,322.7793211383268,12865.061513941882,6022.139905809354,1406.395613531281,238.85669764236184,11.988946213709282,11.06671958188549,24604.084310426915
layer_railway_pl.376,3852.929132952934,15565.833697129854,1348.525196533527,53748.36140469343,25159.62723818266,5875.716927753225,997.90864543481,50.08807872838814,46.23514959543522,102792.29633805134
layer_railway_pl.377,1899.3093080613248,7673.209604567753,664.7582578214638,26495.364847455483,12402.489781640452,2896.4466947935207,491.9211107878831,24.69102100479722,22.791711696735895,50671.673029768084
layer_railway_pl.378,114.75977337926841,463.62948445224436,40.16592068274394,1600.8988386407943,749.3813201666228,175.00865440338433,29.722781305230516,1.4918770539304893,1.377117280551221,3061.675993985502
layer_railway_pl.379,741.9415679518777,2997.4439345255855,259.6795487831572,10350.084872928694,4844.878438725761,1131.4608911266134,192.16286609953633,9.64524038337441,8.90329881542253,19794.259091388143
layer_railway_pl.380,238.62306740628,964.0371923213712,83.518073592198,3328.7917903176062,1558.2086301630084,363.90017779457696,61.80337445822652,3.1020998762816396,2.86347680887536,6366.224815332144
layer_railway_pl.381,743.4769567121659,3003.6469051171503,260.21693484925805,10371.503546134714,4854.904527330444,1133.8023589860532,192.560531788451,9.665200437258157,8.921723480545992,19835.221728123874
layer_railway_pl.382,198.32201061454276,801.2209228827527,69.41270371508998,2766.592048072872,1295.0427293129642,302.44106618717774,51.365400749166575,2.5781861379890563,2.3798641273745136,5291.032921185386
layer_railway_pl.383,222.89397281041045,900.4916501540582,78.01289048364366,3109.3709207052257,1455.4976424519803,339.9133085358759,57.72953895789631,2.897621646535336,2.6747276737249255,5946.588300608941
layer_railway_pl.384,152.57387992257145,616.3984748871886,53.400857972900006,2128.405624919872,996.3074358943916,232.67516688192146,39.516634899946006,1.983460438993429,1.8308865590708574,4070.5185424542838
layer_railway_pl.385,99.32529564865168,401.27419442055276,34.76385347702809,1385.5878742986908,648.5941805856954,151.4710758641938,25.725251573000783,1.291228843432472,1.1919035477838202,2649.899562610378
layer_railway_pl.386,1102.6744962362948,4454.804964794631,385.9360736827032,15382.309222496313,7200.464460423005,1681.5786067603497,285.59269452520033,14.334768451071831,13.232093954835538,29418.25288508811
layer_railway_pl.387,2598.535921113491,10498.085121298504,909.4875723897219,36249.5760995332,16968.439564871096,3962.7672796980737,673.0208035683942,33.78096697447538,31.182431053361892,69326.33983938683
layer_railway_pl.388,620.5863002634069,2507.1686530641637,217.2052050921924,8657.178888674525,4052.428540720047,946.3941079016955,160.73185176822238,8.067621903424289,7.447035603160883,16556.62190472743
layer_railway_pl.389,3016.8370856272595,12188.021825934129,1055.8929799695409,42084.87734450027,19699.946169146006,4600.676555581571,781.3608051774602,39.21888211315437,36.20204502752711,80486.19660744964
layer_railway_pl.390,701.0231309578448,2832.133449069693,245.35809583524568,9779.272676861936,4577.681045154727,1069.0602747107134,181.5649909180818,9.113300702451983,8.412277571494139,18702.596110824343
layer_railway_pl.391,293.93292400968363,1187.4890129991218,102.87652340338927,4100.364289935087,1919.381993783234,448.24770911476753,76.12862731850807,3.8211280121258873,3.527195088116204,7841.836479654349
layer_railway_pl.392,1272.7592584783458,5141.947404252517,445.465740467421,17754.991655772923,8311.117957863598,1940.9578691794775,329.64464794589156,16.545870360218494,15.273111101740149,33955.94425694378
layer_railway_pl.393,538.0551954396259,2173.742989576089,188.31931840386906,7505.869976382781,3513.500426220757,820.5341730454295,139.3562956188631,6.994717540715136,6.45666234527551,14354.774559133779
layer_railway_pl.394,1793.0117108693557,7243.767311912197,627.5540988042744,25012.513366627514,11708.366471976893,2734.3428590757676,464.39003311516313,23.309152241301625,21.51614053043227,47835.75943428354
layer_railway_pl.395,355.99723976074466,1438.2288486334085,124.59903391626062,4966.161494662389,2324.6619756376626,542.8957906351357,92.20328509803286,4.627964116889681,4.2719668771289365,9497.650359576906
layer_railway_pl.396,201.4775278662118,813.9692125794957,70.51713475317413,2810.6115137336546,1315.648256966363,307.253229995973,52.18267971734886,2.6192078622607533,2.4177303343945415,5375.218965942665
layer_railway_pl.397,134.61579489426651,543.8478113728368,47.11552821299328,1877.8903387750177,879.0411406595604,205.28908721375643,34.865490877615024,1.7500053336254646,1.6153895387311983,3591.414791984136
layer_railway_pl.398,2340.2983022904073,9454.805141253246,819.1044058016425,32647.16131695118,15282.14791395636,3568.954910992871,606.1372602932155,30.423877929775294,28.083579627484887,62436.818406805774
layer_railway_pl.412,2201.4441740341717,8893.834463098054,770.5054609119601,30710.146227776695,14375.430456443142,3357.202365402112,570.1740410748505,28.618774262444234,26.41733008841006,58732.32911905767
layer_railway_pl.413,17195.200835521973,69468.61137550877,6018.320292432691,239873.0516555315,112284.66145595849,26222.68127417101,4453.557016400191,223.53761086178565,206.34241002626368,458750.7630908907
layer_railway_pl.414,841.7970363056472,3400.860026674815,294.6289627069765,11743.06865646378,5496.9346470758765,1283.740480366112,218.02543240316265,10.943361471973414,10.101564435667767,22458.30313159836
layer_railway_pl.426,139.82855828353016,564.9073754654619,48.93999539923555,1950.6083880552455,913.0804855914519,213.2385513823835,36.21559659543431,1.8177712576858922,1.677942699402362,3730.486106446301
layer_railway_pl.427,2823.602680404436,11407.35482883392,988.2609381415526,39389.25739164188,18438.125503040967,4305.994087616765,731.3130942247489,36.70683484525767,33.88323216485323,75330.89591050995
layer_railway_pl.428,169.49452960077923,684.7578995871481,59.32308536027273,2364.44868793087,1106.7992782930883,258.47915764118835,43.89908316660182,2.20342888481013,2.0339343552093507,4521.944555219189
layer_railway_pl.429,956.3654158625598,3863.7162800847414,334.72789555189587,13341.297551282709,6245.066165582515,1458.4572591904036,247.69864270840296,12.432750406213277,11.476384990350718,25514.87292979723
layer_railway_pl.430,133.8937846445104,540.930889963822,46.86282462557864,1867.81829579092,874.3264137286528,204.18802158287835,34.6784902229282,1.740619200378635,1.6067254157341246,3572.1522805308928
layer_railway_pl.431,168.9236143533545,682.4514019875522,59.12326502367408,2356.484420229295,1103.071201727405,257.6085118888656,43.751216117518815,2.1960069865936083,2.027083372240254,4506.713107333145
layer_railway_pl.432,10020.554271553374,40483.03925707563,3507.193995043681,139786.73208816958,65434.219393243526,15281.345264118894,2595.3235563323237,130.26720553019388,120.24665125864048,267338.3674107725
layer_railway_pl.433,38.57856033394571,155.85738374914067,13.502496116880998,538.1709166585428,251.9179989806655,58.8323045092672,9.991847126491939,0.5015212843412943,0.4629427240073485,1029.2374111493375
layer_railway_pl.434,39.282880183980296,158.7028359432804,13.749008064393104,547.9961785665251,256.5172076013913,59.90639228056995,10.174265967650898,0.5106774423917438,0.47139456220776355,1048.0279604284103
layer_railway_pl.435,1065.2089631504796,4303.444211127938,372.82313710266783,14859.665035949189,6955.814529372632,1624.4436688044814,275.88912145597425,13.847716520956233,12.782507557805754,28418.709927891647
layer_railway_pl.436,65.27905079139511,263.7273651972362,22.84766777698829,910.6427585399617,426.27220166781,99.55055245687754,16.907274154971333,0.8486276602881364,0.7833486094967413,1741.57979606363
layer_railway_pl.437,1426.3973888756432,5762.645451057598,499.2390861064751,19898.24357481522,9314.374949357949,2175.2560180353557,369.43692371879155,18.54316605538336,17.11676866650772,38054.855937813285
layer_railway_pl.438,1192.726041017296,4818.613205709876,417.4541143560536,16638.528272191277,7788.501047842943,1818.9072125513762,308.91604462347965,15.505438533224847,14.312712492207552,31820.73804830044
layer_railway_pl.439,1134.2265877333584,4582.275414442768,396.97930570667546,15822.46089888035,7406.49961789883,1729.6955462933715,293.7646862229398,14.744945640533661,13.6107190528003,30260.03113413827
layer_railway_pl.440,4232.934548145427,17101.05557450752,1481.5270918508993,59049.436946628695,27641.062599389636,6455.225185921775,1096.3300479696654,55.02814912589054,50.79521457774512,112930.46080997185
layer_railway_pl.441,106.90686374190088,431.90372951727954,37.41740230966531,1491.3507491995174,698.1018202346127,163.03296720639884,27.688877709152326,1.3897892286447113,1.2828823649028105,2852.1682177701737
layer_railway_pl.442,6855.731809487978,27697.15651033143,2399.5061333207927,95637.4587423573,44767.9287159565,10454.991009469166,1775.6345386573864,89.12451352334372,82.26878171385574,182904.06894532978
layer_railway_pl.443,367.7197879885217,1485.5879434736278,128.70192579598262,5129.691042439878,2401.210215565047,560.7726766824957,95.23942508902712,4.780357243850783,4.412637455862261,9810.39622374577
layer_railway_pl.444,4251.222881350568,17174.940440656294,1487.9280084726988,59304.559194840425,27760.48541521921,6483.114894059616,1101.0667262697973,55.26589745755738,51.014674576206815,113418.37525155181
layer_railway_pl.445,436.9689841283212,1765.3546958784177,152.93914444491242,6095.717328590081,2853.4074663579377,666.3777007956899,113.1749668892352,5.680596793668175,5.243627809539855,11657.895527559482
layer_railway_pl.446,411.9836548336718,1664.413965528034,144.1942791917851,5747.171984929721,2690.2532660638767,628.2750736213494,106.70376660192099,5.355787512837733,4.9438038580040615,10991.31192730753
layer_railway_pl.447,2343.0818513799923,9466.05067957517,820.0786479829973,32685.991826750895,15300.32448951135,3573.199823354488,606.858199507418,30.4600640679399,28.116982216559908,62511.08071296682
layer_railway_pl.448,5572.855435047,22514.33595758988,1950.4994022664503,77741.33331890566,36390.745990856914,8498.604538446676,1443.3695576771731,72.44712065561102,66.874265220564,148678.21015161893
layer_railway_pl.449,523.5136292686034,2114.9950622451574,183.22977024401118,7303.015128297017,3418.5439991239805,798.3582846346202,135.59002998056826,6.805677180491845,6.282163551223241,13966.82011525707
layer_railway_pl.450,1082.9469849239606,4375.105819092801,379.0314447233862,15107.110439689252,7071.643811553462,1651.49415200904,280.48326909530584,14.078310804011487,12.995363819087528,28891.942610786344
layer_railway_pl.451,562.3002608223703,2271.693053722376,196.8050912878296,7844.088638472066,3671.8207031700786,857.5078977541147,145.6357675529939,7.309903390690814,6.747603129868444,15001.608658480018
layer_railway_pl.452,2231.9017771128238,9016.883179535807,781.1656219894884,31135.02979072389,14574.31860454674,3403.6502100970565,578.0625602722214,29.01472310246671,26.782821325353886,59544.90751159303
layer_railway_pl.3644,396.92494137486784,1603.576763154466,138.92372948120374,5537.102932179407,2591.9198671778868,605.3105355966735,102.80355981609077,5.160024237873282,4.763099296498415,10589.560510940099
layer_railway_pl.3645,2366.1095543851256,9559.082599715906,828.138344034794,33007.228283672506,15450.695390134872,3608.317070437317,612.8223745857475,30.75942420700663,28.393314652621505,63125.43680144077
layer_railway_pl.5652,6787.685491831928,27422.24938700099,2375.689922141175,94688.2126110554,44323.58626166249,10351.220375043691,1758.010542384469,88.23991139381505,81.45222590198313,181088.661236584
layer_railway_pl.5653,214.90329799575267,868.2093239028408,75.21615429851343,2997.90100704075,1403.318535912265,327.7275294435228,55.659954180899945,2.7937428739447845,2.5788395759490323,5733.405087228685
layer_railway_pl.5654,32.58432023976473,131.64065376864949,11.404512083917654,454.551267344718,212.7756111656637,49.691088365641214,8.439338942099065,0.4235961631169415,0.3910118428771767,869.3170796766832
layer_railway_pl.7949,996.6845942118664,4026.60576061594,348.83960797415324,13903.750089255536,6508.350400203488,1519.9440061730963,258.1413099008734,12.956899724754264,11.960215130542398,26590.54828897838
layer_railway_pl.7950,896.4955088287452,3621.8418556681304,313.7734280900608,12506.112348160996,5854.1156726517065,1367.1556509638363,232.192336786645,11.654441614773688,10.757946105944942,23917.60368004209
layer_railway_pl.7951,972.1185319660393,3927.3588691427985,340.24148618811375,13561.053520926249,6347.934013738236,1482.48076124821,251.77869977920417,12.63754091555851,11.665422383592471,25935.15031432196
layer_railway_pl.7952,1361.6224689933701,5500.954774733215,476.56786414767953,18994.63344245751,8891.394722526707,2076.4742652148893,352.6602194692829,17.701092096913815,16.33946962792044,36326.725850274124
layer_railway_pl.7953,773.1760452361297,3123.631222753964,270.6116158326454,10785.805831044008,5048.839575391927,1179.0934689850976,200.25259571615757,10.051288588069685,9.278112542833556,20627.5637108547
layer_railway_pl.7954,992.705991499874,4010.532205659491,347.4470970249559,13848.248581423242,6482.370124494178,1513.876637037308,257.11085179846737,12.905177889498361,11.912471897998488,26484.403147225137
layer_railway_pl.7955,1255.9048744445993,5073.85569275618,439.56670605560976,17519.87299850216,8201.058830123233,1915.254933528014,325.27936248115117,16.32676336777979,15.070858493335193,33506.286145307466
layer_railway_pl.7956,838.3021296308659,3386.7406037086985,293.40574537080306,11694.314708350581,5474.112906489555,1278.4107476870706,217.12025157439427,10.897927685201257,10.05962555557039,22365.062516421873
layer_railway_pl.7957,1132.372192012624,4574.783655731001,396.3302672044184,15796.592078576105,7394.390413842435,1726.8675928192515,293.2843977312697,14.720838496164113,13.588466304151488,30210.557710704798
layer_railway_pl.7958,2185.0071089017424,8827.42871996304,764.7524881156098,30480.849169179306,14268.096421128377,3332.1358410751573,565.9168412055512,28.405092415722653,26.22008530682091,58293.804658389585
layer_railway_pl.7959,73.72218476193966,297.8376264382362,25.80276466667888,1028.4244774290582,481.405866495466,112.42633176195798,19.09404585334237,0.9583884019052156,0.8846662171432759,1966.8341672637882
layer_railway_pl.7960,96.09894956805782,388.2397562549536,33.63463234882024,1340.5803464744065,627.5261406794175,146.55089809128816,24.889627938126974,1.2492863443847515,1.1531873948166937,2563.8238755262146
layer_railway_pl.7961,39.85184077754664,161.00143674128844,13.948144272141324,555.9331788467757,260.2325202773796,60.77405718575863,10.321626761384579,0.5180739301081063,0.4782220893305597,1063.2072601041668
layer_railway_pl.7962,122.25207012355878,493.8983632991775,42.788224543245576,1705.416378223645,798.3060179068387,186.43440693842712,31.663286162001725,1.5892769116062642,1.4670248414827054,3261.5629788264246
layer_railway_pl.7963,203.8040272248095,823.3682699882303,71.33140952868332,2843.066179786092,1330.8402977780058,310.8011415178344,52.785243051225656,2.6494523539225234,2.445648326697714,5437.2876423306925
layer_railway_pl.7964,82.00296392558624,331.29197425936843,28.701037373955188,1143.9413467619281,535.4793544340782,125.05451998651903,21.238767656726836,1.0660385310326213,0.9840355671070349,2187.7570745707153
layer_railway_pl.7965,1813.8945920297788,7328.134151800306,634.8631072104225,25303.82955881541,11844.731685954455,2766.1892528454127,469.7986993357127,23.580629696387124,21.766735104357345,48392.89382076247
layer_railway_pl.7966,210.6814289404481,851.1529729194102,73.73850012915683,2939.005933719251,1375.749730981126,321.2891791341833,54.56649009557605,2.7388585762258253,2.528177147285377,5620.769842702214
layer_railway_pl.7967,65.02922233833124,262.71805824685816,22.760227818415935,907.1576516197207,424.640821869303,99.16956406595514,16.84256858562779,0.8453798903983061,0.7803506680599749,1734.914622764339
layer_railway_pl.7968,155.302755170936,627.4231308905814,54.3559643098276,2166.473434634557,1014.126991266212,236.8367016356774,40.223413589272425,2.018935817222168,1.863633062051232,4143.322205205402
layer_railway_pl.7969,967.1310915179505,3907.2096097325198,338.4958820312827,13491.47872667541,6315.366027612216,1474.8749145648744,250.48695270314917,12.572704189733356,11.605573098215405,25802.0903906074
layer_railway_pl.7970,263.4075575040713,1064.166532316448,92.19264512642495,3674.535427181794,1720.0513505015856,401.69652519370874,68.22255739355447,3.424298247552927,3.1608906900488556,7027.450226651118
layer_railway_pl.7971,311.1630811052248,1257.0988476651082,108.90707838682869,4340.724981417886,2031.8949196171181,474.5236986854678,80.59123800625323,4.045120054367922,3.733956973262698,8301.519840806293
layer_railway_pl.7972,1233.8199197073827,4984.632475617826,431.83697189758396,17211.78787991799,8056.84407568921,1881.5753775537587,319.55935920421217,16.039658956195975,14.805839036488592,32917.08163787326
layer_railway_pl.7973,161.8480384135684,653.8660751908163,56.646813444748936,2257.780135869279,1056.8676908406017,246.8182585806918,41.91864194911422,2.104024499376389,1.9421764609628207,4317.943816835591
layer_railway_pl.7974,1068.0309816500665,4314.845165866269,373.81084357752326,14899.032194018428,6974.242310174934,1628.7472470163514,276.6200242473672,13.884402761450863,12.816371779800797,28493.998559442123
layer_railway_pl.7975,582.5845028906275,2353.641391678135,203.90457601171963,8127.053815324253,3804.276803875797,888.441366908207,150.88938624867254,7.573598537578158,6.991014034687531,15542.771952619052
layer_railway_pl.7976,1062.0304035398317,4290.60283030092,371.7106412389411,14815.324129380653,6935.058535115101,1619.5963653982433,275.0658745168164,13.80639524601781,12.74436484247798,28333.909136039172
layer_railway_pl.7977,1163.833639080352,4701.887901884622,407.3417736781232,16235.47926517091,7599.833663194699,1774.8462995975367,301.43291252181115,15.129837308044577,13.966003668964223,31049.91765702471
layer_railway_pl.7978,1059.9880781112322,4282.351835569378,370.9958273389313,14786.833689651688,6921.722150066346,1616.481819119629,274.53691223080915,13.77984501544602,12.719856937334786,28279.421935929564
layer_railway_pl.7979,1064.2374351822139,4299.519238136144,372.48310231377485,14846.112220791883,6949.470451739856,1622.9620886528762,275.63749571219336,13.83508665736878,12.770849222186568,28392.790533226285
layer_railway_pl.7980,734.2787773269175,2966.486260400747,256.99757206442115,10243.188943710498,4794.840415944772,1119.7751354235493,190.1782033276716,9.545624105249928,8.81134532792301,19589.823500304832
layer_railway_pl.7981,1080.47361196401,4365.1133923346,378.1657641874035,15072.606886897938,7055.492686124985,1647.7222582451152,279.84266549867857,14.04615695553213,12.965683343568118,28825.955493587822
layer_railway_pl.7982,857.646516559368,3464.8919268998466,300.1762807957788,11964.168906003184,5600.431753132673,1307.9109377530363,222.1304477888763,11.149404715271785,10.291758198712415,22881.15141528738
layer_railway_pl.7983,772.0047647243248,3118.8992494862723,270.20166765351365,10769.46646790433,5041.19111364984,1177.3072662045954,199.94923406360013,10.036061941416223,9.264057176691898,20596.315118080263
layer_railway_pl.7984,1797.5491574357861,7262.098596040576,629.1422051025252,25075.810746229217,11737.995998055683,2741.262465089574,465.56523177586865,23.36813904666522,21.570589889229435,47956.813971229334
layer_railway_pl.7985,877.9488434269098,3546.9133274447154,307.28209519941845,12247.38636580539,5733.005947577721,1338.8719862260373,227.3887504475696,11.413334964549827,10.535386121122917,23422.797193786526
layer_railway_pl.7986,1026.7026335914081,4147.878639709289,359.3459217569929,14322.501738600144,6704.368197351895,1565.7215162268974,265.9159821001747,13.347134236688305,12.320431603096898,27391.399561585178
layer_railway_pl.7987,1288.5087878629033,5205.5755029661295,450.97807575201614,17974.6975906875,8413.962384744758,1964.9759014909278,333.72377605649194,16.750614242217743,15.46210545435484,34376.125951394395
layer_railway_pl.7988,1467.1879832453749,5927.439452311314,513.5157941358812,20467.272366272977,9580.737530592298,2237.4616744491964,380.0016876605521,19.073443782189873,17.6062557989445,39143.10820500336
layer_railway_pl.7989,1529.4992354751173,6179.176911319474,535.324732416291,21336.514334877887,9987.630007652515,2332.486334099554,396.1403019880554,19.883490061176527,18.353990825701405,40805.51010324065
layer_railway_pl.7990,27.202800624884357,109.8993145245328,9.520980218709525,379.4790687171368,177.63428808049485,41.48427095294865,7.045525361845049,0.35363640812349667,0.3264336074986123,725.7435178712898
layer_railway_pl.7991,26.737237071054707,108.01843776706102,9.358032974869147,372.98445714121317,174.59415807398722,40.77428653335843,6.924944401403169,0.3475840819237112,0.32084684485265647,713.3227478186685
layer_railway_pl.7992,135.63839056390196,547.9790978781639,47.473436697365685,1892.1555483664324,885.7186903822798,206.8485456099505,35.13034315605061,1.7632990773307256,1.6276606867668235,3618.6966218543407
layer_railway_pl.7993,99.42888924088632,401.6927125331807,34.800111234310215,1387.0330049103643,649.2706467429877,151.62905609235165,25.752082313389558,1.2925755601315223,1.193146670890636,2652.663336057606
layer_railway_pl.7994,205.05661486186727,828.4287240419438,71.76981520165354,2860.5397773230484,1339.0196950479933,312.7113376643476,53.10966324922362,2.6657359932042746,2.4606793783424075,5470.7054278997575
layer_railway_pl.7995,123.76397097416864,500.0064427356413,43.317389840959024,1726.5073950896526,808.1787304613212,188.7400557356072,32.05486848230968,1.6089316226641925,1.4851676516900238,3301.898981619845
layer_railway_pl.7996,192.69374943207654,778.4827477055893,67.4428123012268,2688.0778045774678,1258.2901837914599,293.85796788391673,49.90768110290782,2.505018742616995,2.3123249931849186,5140.876541098371
layer_railway_pl.7997,148.486900429765,599.8870777362506,51.97041515041775,2071.392260995222,969.6194598063654,226.44252315539163,38.458107211309134,1.930329705586945,1.78184280515718,3961.4820165657006
layer_railway_pl.7998,196.47643634420407,793.7648028305845,68.76675272047143,2740.846287001647,1282.9911293276525,299.62656542491123,50.887397013148856,2.554193672474653,2.3577172361304486,5241.794845227021
layer_railway_pl.7999,1068.9630809898736,4318.610847199089,374.1370783464558,14912.034979808737,6980.328918863874,1630.168698509557,276.86143797637726,13.896520052868356,12.827556971878483,28518.866037728836
layer_railway_pl.8000,1087.9991078883675,4395.516395869005,380.7996877609286,15177.587555042726,7104.634174511039,1659.1986395297604,281.7917689430872,14.143988402548777,13.055989294660408,29026.728199353754
layer_railway_pl.8001,1103.0751674096743,4456.423676335085,386.07630859338605,15387.898585364956,7203.080843185174,1682.1896302997534,285.69646835910567,14.339977176325768,13.236902008916092,29428.942391322704
layer_railway_pl.8002,1499.3403843049257,6057.3351525919,524.769134506724,20915.798361053712,9790.692709511164,2286.4940860650117,388.32915953497576,19.49142499596403,17.99208461165911,40000.90211287111
layer_railway_pl.8003,1782.8499674445402,7202.713868475942,623.9974886055891,24870.757045851336,11642.010287412848,2718.846200352924,461.75814156813595,23.177049576779023,21.394199609334482,47564.65428145289
layer_railway_pl.8004,118.78968588392203,479.910330971045,41.576390059372706,1657.1161180807123,775.6966488220108,181.1542709729811,30.766528643935807,1.5442659164909864,1.4254762306070643,3169.190029697156
layer_railway_pl.8005,64.88080139706295,262.11843764413436,22.708280488972033,905.0871794890281,423.6716331228211,98.943222130521,16.804127561839305,0.8434504181618183,0.7785696167647554,1730.9549004722426
layer_railway_pl.21410,3748.27688685849,15143.0386229083,1311.8969104004714,52288.46257167593,24476.24807118594,5716.122252459198,970.8037136963488,48.72759952916037,44.97932264230188,100000.27906449765
layer_railway_pl.21411,3394.6912917758245,13714.552818774331,1188.1419521215387,47355.943520272755,22167.334135296132,5176.904219958132,879.2250445699385,44.130986793085725,40.7362955013099,90566.96897328722
layer_railway_pl.21412,680.9342616774807,2750.974417177022,238.32699158711824,9499.032950400855,4446.500728753948,1038.424749058158,176.3619737744675,8.852145401807249,8.171211140129769,18166.645167293507
layer_railway_pl.21413,408.9114004857345,1652.0020579623674,143.11899017000707,5704.314036775996,2670.191445171846,623.5898857407451,105.90805272580523,5.3158482063145485,4.906936805828813,10909.34725355891
layer_railway_pl.21414,411.6866944006314,1663.214245378551,144.090343040221,5743.0293868888075,2688.314114436123,627.8222089609628,106.62685384976353,5.351927027208208,4.940240332807576,10983.389319914446
layer_railway_pl.21416,1766.7229046728735,7137.560534878408,618.3530166355057,24645.784520186586,11536.700567513864,2694.2524296261317,457.58123231027423,22.967397760747357,21.20067485607448,47134.40037376759
layer_railway_pl.21417,522.8733352845408,2112.408274549545,183.00566734958926,7294.083027219344,3414.3628794080514,797.3818363089247,135.42419383869606,6.79735335869903,6.2744800234144895,13949.737712056263
layer_railway_pl.25029,963.764213402696,3893.6074221468916,337.3174746909436,13444.510776967609,6293.380313519605,1469.7404254391115,249.61493127129827,12.528934774235047,11.565170560832351,25712.265449370527
layer_railway_pl.25030,448.7916086058565,1813.11809876766,157.07706301204976,6260.642940051698,2930.6092041962424,684.4072031239311,116.23702662891684,5.834290911876135,5.385499303270278,11973.311325995644
layer_railway_pl.25031,103.1004957827811,416.52600296243565,36.08517352397338,1438.2519161697965,673.2462374615606,157.2282560687412,26.703028407740305,1.3403064451761544,1.2372059493933731,2750.618126988817
layer_railway_pl.25032,1786.3542396567077,7216.871128213099,625.2239838798477,24919.641643211075,11664.893184958302,2724.1902154764794,462.6657480710873,23.2226051155372,21.43625087588049,47658.144759801304
layer_railway_pl.25033,1835.862436110528,7416.884241886532,642.5518526386847,25610.280983741864,11988.181707801748,2799.6902150685555,475.4883709526267,23.866211669436865,22.030349233326334,48978.973932992776
layer_railway_pl.28906,104.70309840512493,423.0005175567048,36.646084441793725,1460.6082227514928,683.7112325854657,159.6722250678155,27.118102486927356,1.361140279266624,1.2564371808614991,2793.373962350328
layer_railway_pl.28907,1869.7346275395428,7553.727895259753,654.40711963884,26082.798054176623,12209.367117833213,2851.3453069978027,484.2612685327416,24.306550158014055,22.43681553047451,49882.65012812746
layer_railway_pl.36513,327.63085641719283,1323.628659925459,114.6707997460175,4570.45044701984,2139.4294924042692,499.63705603621906,84.85639181205295,4.259201133423507,3.931570277006314,8740.863618354288
layer_railway_pl.36515,972.1009787107407,3927.2879539913924,340.23534254875926,13560.808653014834,6347.819390981137,1482.4539925338795,251.77415348608184,12.63731272323963,11.66521174452889,25934.68201102385
layer_railway_pl.36516,809.9070453521691,3272.024463222763,283.4674658732592,11298.203282662758,5288.693006149664,1235.108244162058,209.7659247462118,10.5287915895782,9.71888454422603,21607.51006295052
layer_railway_pl.36518,1427.1467533160392,5765.672883396798,499.5013636606137,19908.697208758746,9319.268299153737,2176.39879880696,369.6310091088542,18.55290779310851,17.12576103979247,38074.848231718606
layer_railway_pl.41542,101.90205059638568,411.6842844093982,35.66571770873499,1421.53360581958,665.4203903943985,155.40062715948815,26.392631104463888,1.324726657753014,1.2228246071566282,2718.6448078609733
layer_railway_pl.42699,17804.02088470324,71928.2443742011,6231.407309646134,248366.0913416102,116260.25637711216,27151.13184917244,4611.24140913814,231.45227150114212,213.6482506164389,474993.4731829978
layer_railway_pl.42712,458.0864687731183,1850.6693338433981,160.33026407059143,6390.3062393850005,2991.304641088463,698.5818648790055,118.64439541223764,5.9551240940505386,5.497037625277421,12221.288900398024
layer_railway_pl.42713,1153.5764783966802,4660.448972722588,403.7517674388381,16092.39187363369,7532.8544039303215,1759.204129554937,298.7763079047402,14.996494219156842,13.842917740760162,30776.26686714503
layer_railway_pl.42714,73.16562850286554,295.5891391515768,25.60796997600294,1020.6605176149743,477.771554123712,111.57758346686995,18.949897782242175,0.9511531705372521,0.8779875420343864,1951.9858028279498
layer_railway_pl.42715,209.498849222286,846.3753508580354,73.3245972278001,2922.50894665089,1368.0274854215277,319.48574506398614,54.260201948572075,2.723485039889718,2.5139861906674317,5589.219798401368
layer_railway_pl.42716,7808.322882547948,31545.624445493708,2732.913008891782,108926.10421154388,50988.3484230381,11907.69239588562,2022.3556265799186,101.50819747312332,93.69987459057538,208318.24618349673
layer_railway_pl.42717,947.4976557186645,3827.890529103405,331.6241795015326,13217.59229727537,6187.1596918428795,1444.9339249709635,245.40189283113412,12.31746952434264,11.369971868623974,25278.289956918252
layer_railway_pl.42718,43.70817804440375,176.58103929939116,15.297862315541312,609.7290837194323,285.4144026299565,66.65497151771572,11.32041811350057,0.5682063145772488,0.524498136532845,1166.0904820466476
layer_railway_pl.42719,3181.5213206694707,12853.346135504662,1113.5324622343148,44382.22242333912,20775.334223971644,4851.820014020943,824.014022053393,41.35977716870312,38.17825584803364,84879.80731414081
layer_railway_pl.42720,2192.006650732746,8855.706868960295,767.2023277564612,30578.492777721807,14313.803429284832,3342.8101423674375,567.7297225397813,28.496086459525696,26.304079808792952,58480.54543489894
layer_railway_pl.42721,72.6081924775473,293.3370976092911,25.412867367141555,1012.8842850617849,474.1314968783839,110.72749352825964,18.80552185168475,0.9439065022081149,0.8712983097305677,1937.1139671084845
layer_railway_pl.42722,786.636933801837,3178.0132125594214,275.322926830643,10973.585226535626,5136.739177725996,1199.6213240478016,203.7389658546758,10.226280139423881,9.439643205622044,20986.686756899213
layer_railway_pl.42723,427.79129394637016,1728.2768275433355,149.72695288122955,5967.688550551863,2793.477149469797,652.3817232682145,110.79794513210987,5.561286821302812,5.133495527356442,11413.043931195209
layer_railway_pl.42724,653.3834702565241,2639.6692198363576,228.68421458978344,9114.69941007851,4266.594060775102,996.4097921411992,169.22631879643973,8.493985113334812,7.84060164307829,17431.61760297381
layer_railway_pl.42725,201.285182504386,813.1921373177194,70.4498138765351,2807.928295936185,1314.3922417536405,306.95990331918864,52.132862268635975,2.616707372557018,2.415422190052632,5370.087384034515
layer_railway_pl.42726,766.6383920754529,3097.2191039848294,268.3234372264085,10694.605569452568,5006.148700252707,1169.1235479150657,198.55934354754228,9.966299096980887,9.199660704905435,20453.14566218101
layer_railway_pl.42727,428.1150691811908,1729.5848794920107,149.84027421341676,5972.205215077612,2795.591401753176,652.8754805013159,110.88180291792843,5.56549589935548,5.13738083017429,11421.68193068499
layer_railway_pl.42728,123.22150467397647,497.81487888286495,43.12752663589176,1718.9399902019718,804.6364255210663,187.91279462781412,31.914369710559907,1.6018795607616942,1.4786580560877176,3287.426523197018
layer_railway_pl.42729,1955.0797809566552,7898.522315064887,684.2779233348293,27273.36294434534,12766.670969646959,2981.496665958899,506.3656632677737,25.41603715243652,23.46095737147986,52159.57347614261
layer_railway_pl.42730,589.4768392078424,2381.4864303996833,206.31689372274485,8223.201906949402,3849.283760027211,898.9521797919597,152.6745013548312,7.6631989097019515,7.073722070494109,15726.652593226028
layer_railway_pl.42731,1226.0710457238295,4953.327024724271,429.1248660033403,17103.69108784742,8006.243928576607,1869.7583447288398,317.5524008424718,15.938923594409784,14.712852548685955,32710.349428866048
layer_railway_pl.42732,4706.554475786145,19014.480082176025,1647.2940665251508,65656.43493721673,30733.80072688353,7177.495575573872,1218.9976092286117,61.18520818521989,56.47865370943374,125566.16685949858
layer_railway_pl.42733,586.1874147145078,2368.1971554466113,205.1655951500777,8177.3144352673835,3827.8038180857357,893.9358074396243,151.8225404110575,7.620436391288601,7.034248976574093,15638.894037168353
layer_railway_pl.42734,642.0635196140533,2593.9366192407756,224.72223186491865,8956.786098616045,4192.6747830797685,979.1468674114313,166.2944515800398,8.346825754982694,7.70476223536864,17129.61263978333
layer_railway_pl.42735,189.41714135335306,765.2452510675463,66.29599947367356,2642.369121879275,1236.8939330373955,288.8611405638634,49.05903961051844,2.46242283759359,2.273005696240237,5053.459914166106
layer_railway_pl.42736,77.09713627348583,311.4724305448828,26.983997695720042,1075.5050510151273,503.4442998658625,117.5731328170659,19.96815829483283,1.0022627715553158,0.9251656352818299,2056.8744986403285
layer_railway_pl.42737,297.8859177940525,1203.459107887972,104.26007122791836,4155.508553227032,1945.1950431951627,454.27602463593,77.1524527086596,3.8725169313226826,3.57463101352863,7947.298400827526
layer_railway_pl.42738,231.55218932631544,935.4708448783144,81.04326626421042,3230.153041102101,1512.0357963008398,353.117088722631,59.972017035515705,3.0101784612421008,2.7786262719157855,6177.58085903677
layer_railway_pl.42739,511.702230319875,2067.277010492295,179.09578061195626,7138.246112962256,3341.415563988784,780.3459012378095,132.5308776528476,6.652128994158375,6.1404267638385,13651.703802703945
layer_railway_pl.42740,1512.816077077963,6111.776951394971,529.485626977287,21103.784275237584,9878.688983319098,2307.044517543893,391.81936396319236,19.66660900201352,18.153792924935555,40360.42012036298
layer_railway_pl.42770,1658.9739487299053,6702.254752868817,580.6408820554669,23142.68658478218,10833.099885206282,2529.9352718131054,429.67425272104543,21.56666133348877,19.907687384758866,44259.765978165145
layer_railway_pl.42771,1246.7416886779165,5036.8364222587825,436.3595910372708,17392.046557056932,8141.223227066795,1901.2810752338228,322.9060973675804,16.207641952812914,14.960900264134999,33261.82151223814
layer_railway_pl.42772,32.81424627037827,132.5695549323282,11.484986194632395,457.75873547177684,214.2770281455701,50.04172556232687,8.498889784027972,0.4265852015149175,0.3937709552445392,875.4512762474219
layer_railway_pl.42773,43.434547492926555,175.47557187142328,15.202091622524295,605.9119375263255,283.62759512881036,66.237684926713,11.249547800667976,0.5646491174080451,0.5212145699151186,1158.7902925637877
layer_railway_pl.42774,312.2528487933698,1261.5015091252142,109.28849707767944,4355.927240667509,2039.011102620705,476.18559440988895,80.87348783748278,4.059287034313807,3.747034185520438,8330.593752958313
layer_railway_pl.42775,416.5495989136315,1682.8603796110713,145.79235961977102,5810.866904845159,2720.068880906014,635.238138343288,107.88634611863056,5.415144785877209,4.998595186963577,11113.126749416773
layer_railway_pl.42776,279.7503622782658,1130.1914636041938,97.91262679739303,3902.5175537818077,1826.7698656770756,426.6193024743554,72.45534383007085,3.6367547096174557,3.3570043473391897,7463.459915221853
layer_railway_pl.42777,97.37385498304815,393.39037413151453,34.08084924406685,1358.3652770135216,635.8512730393044,148.49512884914844,25.219828440609472,1.265860114779626,1.1684862597965777,2597.8370770927418
layer_railway_pl.42778,2932.255699974123,11846.313027895458,1026.289494990943,40904.96701463902,19147.629720831024,4471.689942460538,759.454226293298,38.1193240996636,35.18706839968948,78229.64981960962
layer_railway_pl.42779,17.552961241060427,70.91396341388412,6.143536434371149,244.86380931279297,114.62083690412459,26.76826589261715,4.54621696143465,0.22818849613378556,0.2106355348927251,468.2954529502511
layer_railway_pl.42780,195.38748500974123,789.3654394393545,68.38561975340943,2725.65541588589,1275.8802771136102,297.9659146398554,50.60535861752298,2.540037305126636,2.344649820116895,5212.742712574886
layer_railway_pl.42781,340.18494261447756,1374.3471681624892,119.06472991506715,4745.579949471961,2221.407675272538,518.7820374870782,88.10790013714968,4.4224042539882085,4.082219311373731,9075.794084011646
layer_railway_pl.42782,913.4441570284541,3690.314394394955,319.70545495995896,12742.545990546934,5964.790345395805,1393.0023394683926,236.58203667036963,11.874774041369903,10.961329884341449,24369.776665362126
layer_railway_pl.42783,1019.5086440109019,4118.8149218040435,356.8280254038157,14222.14558395208,6657.391445391189,1554.7506821166253,264.0527387988236,13.253612372141724,12.234103728130824,27199.471113566855
layer_railway_pl.42784,1017.4437708685853,4110.472834309085,356.10531980400486,14193.340603616765,6643.907823771861,1551.6017505745924,263.5179366549636,13.226769021291608,12.209325250423023,27144.382363002987
layer_railway_pl.42785,658.9716191650583,2662.2453414268352,230.6400667077704,9192.654087352563,4303.084673147831,1004.9317192267139,170.6736493637501,8.566631049145759,7.907659429980701,17580.70382770459
layer_railway_pl.42786,1277.7620962385213,5162.158868803626,447.21673368348246,17824.781242527373,8343.786488437543,1948.587196763745,330.940382925777,16.610907251100777,15.333145154862255,34089.41496554751
layer_railway_pl.42787,24.556206263589235,99.2070733049005,8.594672192256231,342.55907737706985,160.3520269012377,37.448214551973585,6.3600574222696125,0.31923068142666006,0.2946744751630708,655.1350269062972
layer_railway_pl.42788,889.9789209035714,3595.5148404504284,311.49262231625,12415.205946604821,5811.5623535003215,1357.2178543779464,230.504540514025,11.569725971746427,10.679747050842856,23743.74763078638
layer_railway_pl.42789,3014.7773194563124,12179.700370603501,1055.1720618097092,42056.14360641556,19686.49589604972,4597.535412170877,780.8273257391849,39.19210515293206,36.17732783347575,80431.24410577495
layer_railway_pl.42790,67.36374948253692,272.14954790944915,23.577312318887923,939.72430528139,439.8852841209661,102.7297179608688,17.447211115977062,0.87572874327298,0.808364993790443,1797.1974724446025
layer_railway_pl.42791,128.77537470751037,520.2525138183419,45.07138114762863,1796.4164771697697,840.9031968400427,196.38244642895333,33.35282204924519,1.6740798711976348,1.5453044964901244,3435.598221821669
layer_railway_pl.42792,948.3355058503303,3831.2754436353343,331.9174270476156,13229.280306612109,6192.630853202657,1446.2116464217536,245.61889601523555,12.328361576054293,11.380026070203963,25300.64296058096
layer_railway_pl.42793,1689.373422331487,6825.0686262192075,591.2806978160205,23566.759241524247,11031.60844782461,2576.2944690555178,437.5477163838552,21.96185449030933,20.272481067977846,45070.79353438174
layer_railway_pl.42794,183.78018847282942,742.4719614302309,64.3230659654903,2563.7336291959705,1200.084630727576,280.26478742106485,47.599068814462825,2.3891424501467826,2.205362261673953,4903.071648266617
layer_railway_pl.42795,1892.7972125439533,7646.900738677571,662.4790243903836,26404.521114988147,12359.965797912015,2886.5157491295286,490.2344780488839,24.606363763071393,22.71356655052744,50497.93683346013
layer_railway_pl.42796,65.72118724973672,265.51359648893634,23.002415537407852,916.8105621338271,429.1593527407807,100.22481055584849,17.02178749768181,0.8543754342465772,0.7886542469968406,1753.3755546357258
layer_railway_pl.42797,128.24001332411564,518.0896538294271,44.88400466344047,1788.9481858714132,837.4072870064751,195.56602031927633,33.21416345094595,1.6671201732135033,1.5388801598893875,3421.3153154740808
layer_railway_pl.42798,419.5781897668068,1695.0958866578994,146.8523664183824,5853.115747246956,2739.8455791772485,639.8567393943804,108.67075114960296,5.454516466968488,5.0349382772016815,11193.926524788638
layer_railway_pl.42799,837.8735485578436,3385.009136173688,293.2557419952453,11688.336002381919,5471.314272082719,1277.7571615507115,217.0092490764815,10.892356131251967,10.054482582694122,22353.628401974707
layer_railway_pl.42800,179.08549302707908,723.5053918293995,62.67992255947768,2498.242627727753,1169.4282694668264,273.10537686629556,46.383142694013486,2.328111409352028,2.1490259163249488,4777.821868469443
layer_railway_pl.42801,337.8125593533681,1364.7627397876072,118.23439577367883,4712.485202979485,2205.916012577494,515.1641530138863,87.49345287252234,4.391563271593785,4.053750712240417,9012.501270988507
layer_railway_pl.42802,2662.8210183500437,10757.796914134176,931.9873564225153,37146.35320598311,17388.221249825787,4060.802052983817,689.6706437526612,34.61667323855057,31.953852220200528,71041.40194856082
layer_railway_pl.42803,953.4645219688094,3851.99666875399,333.7125826890833,13300.830081464892,6226.123328456326,1454.0333960024345,246.94731118992163,12.395038785594522,11.441574263625713,25437.47998160587
layer_railway_pl.42804,698.744869298834,2822.9292719672894,244.5607042545919,9747.490926718734,4562.803996521387,1065.5859256807219,180.974921148398,9.083683300884843,8.384938431586008,18641.81436802359
layer_railway_pl.42805,222.08357373558502,897.2176378917635,77.72925080745475,3098.065853611411,1450.2057364933703,338.6774499467671,57.51964559751652,2.8870864585626053,2.6650028848270204,5924.967663691673
layer_railway_pl.42806,392.0727720603594,1583.973999123852,137.2254702211258,5469.415170242013,2560.235201554147,597.9109773920482,101.54684796363308,5.096946036784672,4.704873264724312,10460.10948579833
layer_railway_pl.42807,24.06702222985313,97.23076980860665,8.423457780448595,335.7349601064512,157.15765516094095,36.70220890052602,6.233358757531961,0.3128712889880907,0.2888042667582375,642.0840860702516
layer_railway_pl.42808,705.0002822131886,2848.201140141282,246.750098774616,9834.753936873982,4603.651842852121,1075.1254303751127,182.59507309321586,9.165003668771451,8.460003386558263,18808.702529165657
layer_railway_pl.42809,704.9995547230229,2848.198201081013,246.749844153058,9834.74378838617,4603.64709234134,1075.1243209526099,182.59488467326295,9.164994211399298,8.459994656676276,18808.68312045553
layer_railway_pl.42810,1344.3694406492343,5431.252540222907,470.529304227232,18753.95369705682,8778.732447439499,2050.163396990082,348.1916851281517,17.476802728440045,16.132433287790814,35866.432307080926
layer_railway_pl.42811,541.1215836059638,2186.1311977680934,189.39255426208734,7548.646091303195,3533.5239409469436,825.2104149990948,140.15049015394462,7.03458058687753,6.493459003271566,14436.582729023508
layer_railway_pl.42812,1821.3561644019094,7358.278904183714,637.4746575406683,25407.918493406636,11893.45575354447,2777.568150712912,471.73124658009453,23.677630137224824,21.856273972822912,48591.96111007854
layer_railway_pl.42813,116.62285760956051,471.15634474262447,40.81800016334618,1626.8888636533693,761.54726019043,177.84985785457977,30.20532012087617,1.5160971489242865,1.399474291314726,3111.381218165465
layer_railway_pl.42814,148.54022985265266,600.1025286047168,51.98908044842843,2072.1362064445048,969.9677009378219,226.5238505252953,38.47191953183704,1.9310229880844845,1.7824827582318319,3962.9047922389204
layer_railway_pl.42815,2114.5180796643162,8542.653041843838,740.0813278825108,29497.52721131721,13807.803060207985,3224.6400714880824,547.660182633058,27.488735035636115,25.374216955971796,56413.227847364295
layer_railway_pl.42816,112.4497597683333,454.2970294640665,39.35741591891665,1568.6741487682493,734.2969312872164,171.48588364670826,29.124487779998322,1.4618468769883328,1.3493971172199994,3000.047140859364
layer_railway_pl.42817,160.3765700650781,647.9213430629156,56.13179952277734,2237.25315240784,1047.2590025249601,244.57426934924413,41.537531646855236,2.084895410846016,1.9245188407809373,4278.686512766219
layer_railway_pl.42818,460.78472325121277,1861.5702819348994,161.27465313792447,6427.946889354418,3008.9242428304196,702.6967029580994,119.34324332206411,5.9902014022657655,5.529416679014553,12293.275631619104
layer_railway_pl.42819,904.9705658290648,3656.0810859494213,316.7396980401727,12624.339393315453,5909.457794863793,1380.0801128893238,234.38737654972778,11.764617355777842,10.859646789948776,24143.70972575362
layer_railway_pl.42820,1685.4769331032537,6809.326809737145,589.9169265861387,23512.40321679039,11006.164373164245,2570.3523229824623,436.5385256737427,21.911200130342298,20.225723197239045,44966.839098261706
layer_railway_pl.42821,10.875815252218318,43.93829361896201,3.8065353382764116,151.71762276844555,71.01907359698562,16.585618259632934,2.8168361503245447,0.14138559827883812,0.13050978302661984,290.15587511393255
layer_railway_pl.42822,2038.32217717489,8234.821595786556,713.4127620112115,28434.594371589712,13310.243816952032,3108.441320191707,527.9254438882965,26.49818830327357,24.459866126098678,54380.39736484889
layer_railway_pl.42823,737.1460092671871,2978.069877439436,258.0011032435155,10283.18682927726,4813.563440514731,1124.1476641324602,190.92081640020146,9.582898120473432,8.845752111206245,19666.318381239285
layer_railway_pl.42824,905.1786311403173,3656.9216698068817,316.81252089911106,12627.241904407427,5910.816461346272,1380.397412488984,234.44126546534218,11.767322204824124,10.862143573683806,24149.260700192524
layer_railway_pl.42825,66.23704011569457,267.597642067406,23.182964040493097,924.0067096139393,432.5278719554855,101.01148617643422,17.155393389964896,0.8610815215040294,0.7948444813883347,1767.1379932466155
layer_railway_pl.42826,37.5158413369484,151.56399900127153,13.130544467931939,523.3459866504302,244.97844393027304,57.2116580388463,9.716602906269634,0.48770593738032914,0.4501900960433808,1000.8851310284464
layer_railway_pl.42827,1276.4058042900729,5156.679449331895,446.7420315015255,17805.860969846515,8334.929902014175,1946.518851542361,330.58910331112884,16.59327545577095,15.316869651480875,34053.230452654854
layer_railway_pl.42828,1005.9839731619841,4064.1752515744156,352.09439060669445,14033.476425609679,6569.0753447477555,1534.125559072026,260.5498490489539,13.077791651105793,12.07180767794381,26838.646419988574
layer_railway_pl.42829,45.092914135427456,182.17537310712692,15.782519947399608,629.046152189213,294.4567293043413,68.76669405652687,11.679064761075711,0.5862078837605569,0.5411149696251294,1203.033856219069
layer_railway_pl.42830,1668.23459360878,6739.667758179471,583.8821077630729,23271.87258084248,10893.571896265334,2544.0577552533896,432.07275974467404,21.68704971691414,20.01881512330536,44506.83072288864
layer_railway_pl.42831,51.363845690617985,207.50993659009666,17.977345991716295,716.5256473841208,335.40591235973545,78.32986467819244,13.303236033870059,0.6677299939780338,0.6163661482874159,1370.3360391799972
layer_railway_pl.42832,331.7300698367715,1340.189482140557,116.10552444287003,4627.634474222963,2166.197356034118,505.88835650107654,85.91808808772382,4.31249090787803,3.9807608380412587,8850.226533175228
layer_railway_pl.42833,687.6604440650676,2778.148194022873,240.68115542277368,9592.863194707694,4490.422699744891,1048.6821771992281,178.1040550128525,8.939585772845879,8.251925328780812,18346.092987211938
layer_railway_pl.42834,449.37083146923544,1815.4581591357112,157.27979101423242,6268.723098995834,2934.391529494107,685.290517990584,116.38704535053198,5.841820809100061,5.392449977630826,11988.764412767732
layer_railway_pl.42835,51.10827221676964,206.47741975574934,17.887895275869376,712.9603974239366,333.7370175755058,77.9401151305737,13.237042504143337,0.6644075388180054,0.6132992666012357,1363.5175944711973
layer_railway_pl.42836,103.77618100432468,419.2557712574717,36.32166335151364,1447.6777250103294,677.6584619582401,158.25867603159514,26.878030880120093,1.3490903530562208,1.245314172051896,2768.6447330143783
layer_railway_pl.42992,229.44036997390631,926.9390946945815,80.30412949086721,3200.693161135993,1498.2456159296082,349.89656421020715,59.42505582324174,2.982724809660782,2.753284439686876,6121.239630533846
layer_railway_pl.42993,717.4440153728866,2898.473822106462,251.10540538051032,10008.344014451768,4684.90942038495,1094.102123443652,185.81799998157763,9.326772199847527,8.60932818447464,19140.68888613324
layer_railway_pl.42994,436.7526952325662,1764.4808887395675,152.86344333139817,6092.700098494299,2851.9950998686577,666.0478602296636,113.11894806523465,5.677785038023361,5.241032342790795,11652.125156109634
layer_railway_pl.42995,114.88496300599103,464.13525054420376,40.20973705209686,1602.6452339335747,750.1988084291214,175.19956858413633,29.755205418551675,1.4935045190778833,1.3786195560718923,3065.015928036835
layer_railway_pl.42996,8568.533728171797,34616.87626181406,2998.986804860129,119531.04550799656,55952.525244961835,13067.013935461991,2219.2502355964953,111.39093846623337,102.82240473806156,228599.91133389535
layer_railway_pl.42997,24.058187726339344,97.19507841441094,8.420365704218769,335.61171878243385,157.09996585299592,36.6887362826675,6.231070621121891,0.31275644044241147,0.28869825271607213,641.8483903510073
layer_railway_pl.42998,339.88244413434785,1373.1250743027654,118.95885544702175,4741.360095674152,2219.432360197291,518.3207273048804,88.02955303079608,4.418471773746521,4.078589329612174,9067.723727060265
layer_railway_pl.42999,4468.667216666559,18053.4155553329,1564.033525833296,62337.9076724985,29180.396924832636,6814.717505416504,1157.384809116639,58.092673816665275,53.624006599998715,119219.57267344714
layer_railway_pl.43000,471.156872971246,1903.473766803834,164.9049055399361,6572.638377948882,3076.6543805022366,718.5142312811502,122.02963009955272,6.125039348626198,5.653882475654952,12569.994213999873
layer_railway_pl.43001,37.43821469793297,151.25038737964923,13.103375144276539,522.2630950361649,244.47154197750228,57.09327741434778,9.69649760676464,0.48669679107312863,0.4492585763751956,998.8141299261537
layer_railway_pl.43002,163.292223793718,659.7005841266207,57.1522783278013,2277.926521922366,1066.2982213729786,249.02064128541994,42.29268596257296,2.1227989093183344,1.959506685524616,4356.473238592603
layer_railway_pl.43003,2283.9951011947664,9227.340208826856,799.3982854181683,31861.731661666992,14914.488010801826,3483.092529322019,591.5547312094444,29.69193631553196,27.407941214337196,60934.70530477517
layer_railway_pl.43004,16.944018387928637,68.45383428723169,5.930406435775023,236.3690565116045,110.644440073174,25.839628041591173,4.388500762473517,0.22027223904307225,0.20332822065514364,452.04946657154807
layer_railway_pl.43005,4887.6179017450595,19745.97632305004,1710.6662656107708,68182.26972934358,31916.14489839524,7453.617300161215,1265.8930365519705,63.539032722685775,58.651414820940715,130396.75800065644
layer_railway_pl.43006,203.522909938578,822.2325561518552,71.2330184785023,2839.1445936431633,1329.0046018989144,310.37243765633144,52.712433674091706,2.645797829201514,2.4422749192629363,5429.7877142513225
layer_railway_pl.43007,850.2631902696293,3435.063288689302,297.5921165943702,11861.171504261329,5552.218632460679,1296.6513651611847,220.21816627983398,11.05342147350518,10.20315828323555,22684.17165320344
layer_railway_pl.43008,470.5159061693245,1900.884260924071,164.6805671592636,6563.696891062077,3072.468867285689,717.5367569082199,121.86361969785506,6.116706780201219,5.646190874031894,12552.893860691409
layer_railway_pl.43009,541.8456500234686,2189.056426094813,189.645977508214,7558.746817827387,3538.2520946532495,826.3146162857895,140.33802335607837,7.043993450305091,6.502147800281623,14455.900096976118
layer_railway_pl.43010,75.26025839645091,304.05144392166164,26.34109043875782,1049.88060463049,491.44948732882443,114.77189405458763,19.492406924680786,0.9783833591538618,0.9031231007574109,2007.8684337589139
layer_railway_pl.43011,931.3666874960732,3762.721417484135,325.9783406236256,12992.565290570219,6081.824469349357,1420.3341984315116,241.22397206148295,12.10776693744895,11.176400249952877,24847.931855707735
layer_railway_pl.43012,121.22777186338317,489.760198328068,42.4297201521841,1691.1274174941952,791.6173502678921,184.87235209165934,31.39799291261624,1.5759610342239811,1.454733262360598,3234.2357255431994
layer_railway_pl.43013,2749.6832803124557,11108.720452462321,962.3891481093596,38358.08176035876,17955.431820440335,4193.267002476495,712.1679696009261,35.74588264406192,32.99619936374947,73358.800235456
layer_railway_pl.43014,578.3494082038488,2336.5316091435493,202.4222928713471,8067.9742444436915,3776.621635571133,881.9828475108695,149.79249672479685,7.518542306650035,6.9401928984461865,15429.783861470483
layer_railway_pl.43015,74.54035877065343,301.14304943343984,26.089125569728697,1039.8380048506153,486.7485427723669,113.67404712524647,19.305952921599236,0.9690246640184946,0.8944843052478412,1988.6622316422627
layer_railway_pl.43016,128.14901468634721,517.7220193328427,44.85215514022153,1787.6787548745438,836.8130659018473,195.42724739667952,33.19059480376393,1.6659371909225138,1.5377881762361667,3418.887562817057
layer_railway_pl.43017,565.0387570068829,2282.756578307807,197.763564952409,7882.290660246015,3689.703083254945,861.6841044354964,146.34503806478264,7.345503841089478,6.780465084082595,15074.668998186628
layer_railway_pl.43018,1007.655418730582,4070.9278916715516,352.6793965557037,14056.79309129162,6579.989884310701,1536.6745135641374,260.98275345122073,13.099520443497566,12.091865024766985,26883.238916313196
layer_railway_pl.43019,95.63314379776952,386.35790094298886,33.471600329219335,1334.0823559788848,624.484428999435,145.84054429159852,24.768984243622306,1.2432308693710037,1.1475977255732341,2551.396643380693
layer_railway_pl.43020,1049.3904594847236,4239.537456318283,367.28666081965326,14638.996909811893,6852.519700435246,1600.3204507142036,271.7921290065434,13.642075973301406,12.592685513816683,27996.68806859294
layer_railway_pl.43021,1076.8881606001326,4350.628168824535,376.9108562100464,15022.58984037185,7032.079688718865,1642.2544449152022,278.9140335954343,13.999546087801724,12.922657927201591,28730.299236650935
layer_railway_pl.43022,1080.4246736859764,4364.915681691345,378.1486357900917,15071.92419791937,7055.173119169425,1647.647627371114,279.82999048466786,14.045520757917693,12.965096084231716,28824.649869268163
layer_railway_pl.43023,63.454412361037754,256.35582593859255,22.209044326363216,885.1890524364767,414.3573127175765,96.76797885058257,16.43469280150878,0.8249073606934908,0.761452948332453,1692.9002673801263
layer_railway_pl.43024,338.0233306564786,1365.6142558521735,118.30816572976751,4715.425462657876,2207.292349186805,515.4855792511299,87.54804264002796,4.394303298534221,4.056279967877743,9018.124438584193
layer_railway_pl.43025,575.2767132044978,2324.1179213461714,201.34684962157422,8025.110149202745,3756.556937225371,877.2969876368592,148.99666871996496,7.478597271658471,6.903320558453974,15347.807431582798
layer_railway_pl.43026,1225.012362456938,4949.0499443260305,428.7543268599283,17088.922456274286,7999.330726843805,1868.1438527468306,317.27820187634694,15.925160711940194,14.700148349483257,32682.10481798865
layer_railway_pl.43027,996.577637975636,4026.1736574215693,348.8021732914726,13902.258049760121,6507.651975980903,1519.7808979128447,258.1136082356897,12.955509293683267,11.95893165570763,26587.69480355199
layer_railway_pl.43028,331.46345704707284,1339.1123664701743,116.0122099664755,4623.915225806666,2164.456374517386,505.48177199678605,85.84903537519186,4.309024941611947,3.977561484564874,8843.113570558855
layer_railway_pl.43029,307.6697734645739,1242.9858847968785,107.68442071260087,4291.993339830806,2009.0836207236675,469.1964045334752,79.68647132732464,3.9997070550394604,3.692037281574887,8208.321886261367
layer_railway_pl.43030,131.4385442876738,531.0117189222021,46.00349050068583,1833.5676928130495,858.2936941985099,200.44378003870256,34.04258297050752,1.7087010757397596,1.5772625314520856,3506.6489230508496
layer_railway_pl.43031,119.41371483268753,482.4314079240576,41.794800191440636,1665.8213219159911,779.7715578574496,182.10591511984848,30.92815214166607,1.5523782928249379,1.4329645779922502,3185.8384980212704
layer_railway_pl.43032,225.26469801470472,910.069379979407,78.84264430514665,3142.442537305131,1470.978478036022,343.52866447242474,58.34355678580852,2.9284410741911615,2.7031763761764567,6009.836878334307
layer_railway_pl.43033,1120.56260910493,4527.072940783918,392.1969131867255,15631.848397013775,7317.273837455194,1708.8579788850182,290.2257157581769,14.567313918364091,13.446751309259161,29895.48984831043
layer_railway_pl.43034,1003.9473644282365,4055.9473522900753,351.38157754988276,14005.065733773898,6555.776289716385,1531.0197307530607,260.02236738691323,13.051315737567075,12.047368373138838,26784.311735580923
layer_railway_pl.43035,104.69268138548927,422.95843279737664,36.64243848492124,1460.4629053275753,683.6432094472449,159.6563391128711,27.115404478841718,1.3610048580113605,1.2563121766258711,2793.096046683468
layer_railway_pl.43036,423.5340918580023,1711.0777311063293,148.2369321503008,5908.300581419132,2765.677619832755,645.8894900834534,109.69532979122259,5.50594319415403,5.082409102296028,11299.466036679642
layer_railway_pl.43037,1109.1196685552588,4480.843460963246,388.1918839943406,15472.219376345862,7242.5514356658405,1691.4074945467696,287.26199415581203,14.418555691218366,13.309436022663107,29590.20363738575
layer_railway_pl.43038,80.90450244822793,326.85418989084087,28.316575856879776,1128.6178091527797,528.3064009869283,123.3793662335476,20.954266134091036,1.051758531826963,0.9708540293787352,2158.451220816273
layer_railway_pl.43039,331.9942138792892,1341.2566240723283,116.19797485775122,4631.319283616084,2167.9222166317586,506.291176165916,85.9865013947359,4.31592478043076,3.98393056655147,8857.273632085557
layer_railway_pl.48381,1016.8854507854056,4108.2172211730385,355.909907774892,14185.552038456408,6640.261993628698,1550.7503124477435,263.3733317534201,13.219510860210274,12.202625409424867,27129.486941503837
layer_railway_pl.48382,94.45276590969466,381.5891742751664,33.05846806839313,1317.6160844402407,616.7765613903061,144.04046801228438,24.463266370610917,1.2278859568260307,1.133433190916336,2519.905341704744
layer_railway_pl.48383,280.6279751849466,1133.7370197471841,98.21979131473131,3914.760253830005,1832.5006779577013,427.95766215704356,72.68264557290117,3.648163677404306,3.3675357022193593,7486.873749959191
layer_railway_pl.48384,36.33371306930478,146.78820079999133,12.716799574256672,506.8552973168017,237.2591463425602,55.40891243068979,9.410431684949938,0.4723382699009621,0.43600455683165734,969.3471309759822
layer_railway_pl.48385,5147.754367878311,20796.927646228378,1801.7140287574089,71811.17343190244,33614.83602224537,7850.325411014424,1333.2683812804828,66.92080678241804,61.773052414539734,137336.93878062547
layer_railway_pl.48386,8886.889959435259,35903.03543611844,3110.411485802341,123972.11493412186,58031.39143511224,13552.50718813877,2301.7044994937323,115.52956947265837,106.6426795132231,237093.33722777327
layer_railway_pl.48387,4284.307470705128,17308.602181648715,1499.5076147467948,59766.08921633654,27976.527783704485,6533.56889282532,1109.6356349126281,55.69599711916667,51.41168964846154,114301.03901094211
layer_railway_pl.48388,548.3680895054893,2215.4070816021767,191.92883132692123,7649.734848601575,3580.843624470845,836.2613364958711,142.02733518192173,7.128785163571361,6.580417074065871,14629.912259916948
layer_railway_pl.48392,729.3117342850384,2946.419406511555,255.25910699976345,10173.898693276285,4762.4056248813,1112.2003947846836,188.89173917982495,9.481052545705499,8.751740811420461,19457.307758990537
layer_railway_pl.48393,70.21365107465913,283.6631503416229,24.574777876130696,979.4804324914948,458.4951415175241,107.07581788885517,18.185335628336713,0.9127774639705687,0.8425638128959094,1873.229997020831
layer_railway_pl.48394,1462.1090556454787,5906.920584807734,511.7381694759176,20396.42132625443,9547.572133364976,2229.716309859355,378.686245412179,19.007417723391224,17.545308667745747,39007.607495565724
layer_railway_pl.48395,298.17955682710635,1204.6454095815097,104.36284488948722,4159.6048177381335,1947.1125060810043,454.7238241613372,77.22850521822053,3.8763342387523827,3.5781546819252763,7955.13239659037
layer_railway_pl.48396,673.8071347880245,2722.180824543619,235.83249717580858,9399.609530292943,4399.960590165801,1027.5558805517373,174.51604791009837,8.75949275224432,8.085685617456294,17976.500549009706
layer_railway_pl.48397,1311.9154732156824,5300.138511791357,459.17041562548883,18301.22085135877,8566.808040098407,2000.6710966539158,339.78610756286173,17.054901151803872,15.74298567858819,35000.59290992119
layer_railway_pl.48516,377.11651474633175,1523.5507195751802,131.9907801612161,5260.775380711329,2462.5708412935464,575.1026849881559,97.67317731929992,4.902514691702313,4.5253981769559815,10061.091496917385
layer_railway_pl.51306,1621.947248480727,6552.666883862137,567.6815369682545,22626.16411630614,10591.315532579149,2473.4695539331087,420.0843373565083,21.085314230249452,19.463366981768726,43271.93064221732
layer_railway_pl.53875,1239.5518462346574,5007.7894587880155,433.8431461821301,17291.74825497347,8094.273555912313,1890.3165655078524,321.0439281747763,16.114174001050547,14.87462215481589,33070.00370569443
layer_railway_pl.53876,1073.3844074070716,4336.473005924569,375.68454259247505,14973.712483328649,7009.200180368178,1636.9112212957841,278.00656151843157,13.95399729629193,12.88061288888486,28636.822605213267
layer_railway_pl.53877,1076.032324712666,4347.17059183917,376.6113136494331,15010.65092974169,7026.491080373709,1640.9492951868156,278.6923721005805,13.988420221264658,12.91238789655199,28707.466391009217
layer_railway_pl.53878,502.5285803709551,2030.2154646986587,175.88500312983427,7010.273696174823,3281.511629822337,766.3560850657066,130.15490231607737,6.532871544822417,6.030342964451462,13406.959995716712
layer_railway_pl.53879,576.2301326472668,2327.969735894958,201.68054642654337,8038.410350429372,3762.782766186652,878.7509522870819,149.2436043556421,7.490991724414469,6.914761591767202,15373.243708896433
layer_railway_pl.53880,1019.9811764652205,4120.723952919491,356.9934117628272,14228.737411689826,6660.47708231789,1555.4712941094613,264.1751247044921,13.259755294047867,12.239774117582646,27212.07780691562
layer_railway_pl.53881,225.09015511251934,909.3642266545781,78.78155428938177,3140.0076638196447,1469.8387128847514,343.26248654659196,58.298350174142506,2.9261720164627514,2.701081861350232,6005.180248246904
layer_railway_pl.53882,501.81949205247645,2027.3507478920048,175.63682221836675,7000.381914132046,3276.881283102671,765.2747253800267,129.9712484415914,6.523653396682193,6.021833904629717,13388.042228468019
layer_railway_pl.53883,153.00446537470023,618.1380401137889,53.55156288114508,2134.4122919770684,999.1191588967926,233.33180969641785,39.62815653204736,1.989058049871103,1.836053584496403,4082.0061317316276
layer_railway_pl.53884,152.34220322260418,615.4625010193209,53.319771127911466,2125.1737349553287,994.7945870436052,232.32185991447136,39.45663063465448,1.9804486418938543,1.82810643867125,4064.337639775857
layer_railway_pl.53885,93.04489721967447,375.90138476748484,32.56571402688606,1297.9763162144588,607.5831788444742,141.89346826000357,24.098628379895686,1.209583663855768,1.1165387666360937,2482.344812923695
layer_railway_pl.53886,141.9256295974079,573.3795435735278,49.67397035909276,1979.8625328838402,926.7743612710735,216.43658513604703,36.75873806572864,1.8450331847663026,1.7031075551688946,3786.433872029245
layer_railway_pl.53887,141.86329942395318,573.1277296727708,49.65215479838361,1978.9930269641468,926.3673452384143,216.3415316215286,36.74259455080387,1.8442228925113913,1.702359593087438,3784.770965331647
layer_railway_pl.53888,186.07523169607376,751.743936052138,65.12633109362581,2595.7494821602286,1215.0712629753616,283.76472833651246,48.1934850092831,2.4189780120489592,2.232902780352885,4964.3011064195525
layer_railway_pl.53889,210.71270540014325,851.2793298165788,73.74944689005014,2939.4422403319986,1375.9539662629354,321.3368757352185,54.5745906986371,2.739265170201862,2.528552464801719,5621.604267370421
layer_railway_pl.53890,448.7916086058565,1813.11809876766,157.07706301204976,6260.642940051698,2930.6092041962424,684.4072031239311,116.23702662891684,5.834290911876135,5.385499303270278,11973.311325995644
layer_railway_pl.53891,2028.4210322211227,8194.820970173336,709.9473612773929,28296.47339948466,13245.58934040393,3093.3420741372124,525.3610473452708,26.369473418874595,24.34105238665347,54116.244718627335
layer_railway_pl.53892,232.4575014176543,939.1283057273234,81.36012549617901,3242.782144776277,1517.9474842572827,354.49768966192283,60.206492867172464,3.021947518429506,2.7894900170118517,6201.733680321599
layer_railway_pl.53893,152.07874687088935,614.3981373583929,53.22756140481127,2121.4985188489063,993.0742170669074,231.92008897810624,39.38839543956034,1.9770237093215615,1.8249449624506722,4057.3088877684568
layer_railway_pl.53894,827.4761465166746,3343.0036319273654,289.6166512808361,11543.29224390761,5403.419236753884,1261.9011234379288,214.31632194781872,10.75718990471677,9.929713758200094,22076.236112918363
layer_railway_pl.53895,375.25483591089494,1516.0295370800154,131.33919256881322,5234.804960956984,2450.414078498144,572.2636247641148,97.1910025009218,4.878312866841634,4.503058030930739,10011.423767266766
layer_railway_pl.53896,49.899774811718935,201.59509023934447,17.464921184101627,696.1018586234792,325.8455295205247,76.09715658787137,12.924041676235204,0.6486970725523462,0.5987972977406272,1331.2760922018495
layer_railway_pl.53897,77.74805741628836,314.102151961805,27.211820095700926,1084.5854009572226,507.69481492836303,118.56578755983975,20.136746870818687,1.0107247464117486,0.9329766889954604,2074.240423809157
layer_railway_pl.53898,203.82114155056632,823.4374118642879,71.33739954269821,2843.3049246304004,1330.952054325198,310.8272408646136,52.78967566159668,2.6496748401573624,2.4458536986067956,5437.744235427559
layer_railway_pl.53899,99.98361635340083,403.9338100677394,34.99426572369029,1394.7714481299417,652.8930147877074,152.47501493893628,25.895756635530816,1.2997870125942108,1.19980339624081,2667.462900692381
layer_railway_pl.53900,112.10604867446534,452.90843664484,39.23711703606287,1563.8793790087914,732.0524978442587,170.96172422855963,29.035466606686526,1.4573786327680496,1.3452725840935842,2990.877272586061
layer_railway_pl.53901,39.582623471075976,159.91379882314695,13.853918214876591,552.1775974215099,258.4745312661261,60.36350079339086,10.251899479008678,0.5145741051239877,0.4749914816529117,1056.0248115848358
layer_railway_pl.53902,103.9312954155456,419.8824334788043,36.375953395440966,1449.8415710468612,678.6713590635128,158.49522550870705,26.91820551262631,1.351106840402093,1.2471755449865474,2772.783030391341
layer_railway_pl.53903,186.90806472773107,755.1085815000336,65.41782265470587,2607.367502951848,1220.5096626720838,285.03479870978987,48.40918876448235,2.4298048414605042,2.242896776732773,4986.520258871137
layer_railway_pl.53904,135.02052178198844,545.4829079992332,47.257182623695954,1883.5362788587388,881.6840072363844,205.90629571753237,34.97031514153501,1.7552667831658495,1.620246261383861,3602.2125006216693
layer_railway_pl.53905,1809.9039952361823,7312.0121407541765,633.4663983326639,25248.16073354474,11818.67308889227,2760.1035927351777,468.76513476617123,23.52875193807037,21.718847942834188,48286.428688906104
layer_railway_pl.53906,39.854410566274375,161.01181868774847,13.949043698196032,555.9690273995275,260.2493009977717,60.77797611356842,10.322292336665063,0.5181073373615669,0.4782529267952925,1063.2758194976338
layer_railway_pl.53907,545.7747447090713,2204.929968624648,191.02116064817497,7613.557688691545,3563.9090829502356,832.3064856813338,141.35565887964947,7.095071681217927,6.549296936508855,14560.724414093314
layer_railway_pl.53908,2986.381572010323,12064.981550921704,1045.233550203613,41660.02292954401,19501.07166522741,4554.231897315743,773.4728271506737,38.822960436134196,35.83657886412388,79673.6739596634
layer_railway_pl.53909,108.5158858347826,438.4041787725217,37.980560042173906,1513.7966073952173,708.6087345011302,165.48672589804346,28.10561443120869,1.4107065158521737,1.302190630017391,2895.095318186165
layer_railway_pl.54222,94.6024879854841,382.19405146135574,33.110870794919435,1319.7047073975034,617.7542465452112,144.26879417786324,24.502044388240382,1.2298323438112935,1.1352298558258092,2523.899776964731
layer_railway_pl.54223,77.07199067079787,311.3708423100234,26.975196734779257,1075.1542698576304,503.2800990803101,117.53478577296676,19.961645583736647,1.0019358787203723,0.9248638880495745,2056.2036391062165
layer_railway_pl.54224,1291.6625310028378,5218.316625251465,452.0818858509932,18018.69230748959,8434.55632744853,1969.7853597793276,334.54059552973496,16.79161290303689,15.499950372034055,34460.26466462471
layer_railway_pl.55672,1588.556358567771,6417.767688613795,555.9947254987198,22160.361202020405,10373.273021447545,2422.5484468158506,411.4360968690527,20.651232661381023,19.06267630281325,42381.095090229566
layer_railway_pl.61752,8.109961464568109,32.764244316855155,2.838486512598838,113.13396243072512,52.95804836362975,12.367691233466365,2.10048001932314,0.10542949903938541,0.0973195375748173,216.36566191321256
layer_railway_pl.61753,10.522315141062231,42.51015316989141,3.6828102993717806,146.78629621781812,68.71071787113637,16.046530590119904,2.7252796215351176,0.136790096833809,0.12626778169274677,280.72484564839925
layer_railway_pl.61754,74.0712798650575,299.24797065483233,25.924947952770125,1033.294354117552,483.6854575188255,112.9587017942127,19.184461485049894,0.9629266382457475,0.8888553583806901,1976.1476755198692
layer_railway_pl.61755,6.577174837760616,26.57178634455289,2.3020111932162153,91.75158898676058,42.94895169057683,10.030191627584939,1.7034882829799995,0.08550327289088801,0.07892609805312739,175.47244749661547
layer_railway_pl.61756,521.6899930232665,2107.627571813997,182.5914975581433,7277.575402674568,3406.6356544419305,795.5772393604815,135.11770819302603,6.781969909302465,6.260279916279198,13918.167323867727
layer_railway_pl.61757,8.400319223224583,33.937289661827315,2.9401117281286044,117.18445316398294,54.85408452765653,12.81048681541749,2.175682678815167,0.10920414990191958,0.100803830678695,224.11211655640867
layer_railway_pl.61758,8.398457352745055,33.92976770509002,2.9394600734607694,117.15848007079352,54.841926513425214,12.80764746293621,2.175200454360969,0.10917994558568571,0.10078148823294066,224.06244371388533
layer_railway_pl.61759,12.547885296101953,50.69345659625189,4.391759853635683,175.04299988062223,81.93769098354575,19.135525076555478,3.249902291690406,0.1631225088493254,0.15057462355322343,334.765031814704
layer_railway_pl.61760,387.86752808862315,1566.9848134780375,135.7536348310181,5410.7520168362935,2532.774958418709,591.4979803351503,100.4576897749534,5.042277865152101,4.654410337063478,10347.917781876378
layer_railway_pl.61761,163.36849030348333,660.0087008260726,57.178971606219164,2278.990439733592,1066.796241681746,249.1369477128121,42.31243898860218,2.1237903739452832,1.9604218836418,4358.507952806632
layer_railway_pl.61762,520.8425240721692,2104.2037972515636,182.29488342525923,7265.753210806761,3401.101682191265,794.2848492100582,134.8982137346918,6.7709528129382,6.250110288866031,13895.557699721403
layer_railway_pl.61776,11.33601178591575,45.79748761509963,3.9676041250705123,158.13736441352472,74.02415696202983,17.287417973521517,2.936027052552179,0.14736815321690475,0.136032141430989,302.43345843644624
layer_railway_pl.61777,299.87167820777495,1211.4815799594107,104.95508737272124,4183.20991099846,1958.1620586967704,457.3043092668568,77.66676465581371,3.8983318167010745,3.5984601384932993,8000.276502905228
layer_railway_pl.61785,8.553215771193198,34.55499171562052,2.9936255199176194,119.31736000814512,55.85249898589158,13.043654051069627,2.2152828847390382,0.11119180502551157,0.10263858925431837,228.19124355966332
layer_railway_pl.61786,7.4100100808917295,29.936440726802587,2.5935035283121053,103.36964062843963,48.387365828223,11.300265373359887,1.9191926109509578,0.0963301310515925,0.08892012097070075,197.69165894811044
layer_railway_pl.61787,1068.0710316453626,4315.0069678472655,373.8248610758769,14899.590891452808,6974.503836644219,1628.808323259178,276.6303971961489,13.884923411389714,12.816852379744352,28495.06705326663
layer_railway_pl.61788,9.351361919256327,37.77950215379556,3.2729766717397144,130.45149877362576,61.06439333274381,14.2608269268659,2.4220027370873884,0.12156770495033226,0.11221634303107592,249.48498464383954
layer_railway_pl.61789,9.686999195945111,39.13547675161825,3.3904497185807885,135.1336387834343,63.256104749521576,14.772673773816294,2.5089327917497837,0.12593098954728643,0.11624399035134132,258.4394515486196
layer_railway_pl.61790,696.7296859599733,2814.787931278292,243.85539008599065,9719.379119141628,4549.644849318625,1062.5127710889592,180.45298866363305,9.057485917479653,8.360756231519678,18588.051291726126
layer_railway_pl.61791,154.50471799950907,624.1990607180165,54.07665129982818,2155.3408160931513,1008.9158085367943,235.61969494925134,40.01672196187285,2.008561333993618,1.8540566159941088,4122.031371508902
layer_railway_pl.61792,7.45362168591285,30.112631611087917,2.6087675900694975,103.97802251848425,48.672149609010916,11.366773071017096,1.930488016651428,0.09689708191686705,0.0894434602309542,198.85517295846893
layer_railway_pl.61793,4.460066911493949,18.018670322435554,1.561023419022882,62.21793341534059,29.124236932055485,6.801602040028272,1.1551573300769329,0.057980869849421336,0.05352080293792739,118.99012513174708
layer_railway_pl.61794,231.200090370266,934.0483650958746,80.9200316295931,3225.2412606652106,1509.736590117837,352.58013781465564,59.880823405898894,3.005601174813458,2.7744010844431917,6168.187210988327
layer_railway_pl.61795,687.447305506145,2777.2871142448257,240.60655692715073,9589.889911810722,4489.030904955126,1048.3571408968712,178.04885212609153,8.936814971579885,8.24936766607374,18340.40666359844
layer_railway_pl.81041,5803.924713972174,23447.855844447582,2031.3736498902608,80964.74975991182,37899.62838223829,8850.985188807566,1503.216500918793,75.45102128163826,69.64709656766608,154842.90744406363
layer_railway_pl.81042,46.53650879280279,188.00749552292328,16.28777807748098,649.184297659599,303.88340241700223,70.96817590902425,12.052955777335923,0.6049746143064363,0.5584381055136335,1241.5475180831857
layer_railway_pl.81043,610.4083110614176,2466.049576688127,213.6429088714962,8515.195939306775,3985.966271231057,930.8726743686619,158.09575256490717,7.935308043798429,7.324899732737012,16285.083330807562
layer_railway_pl.81048,81.08347067149431,327.57722151283707,28.37921473502301,1131.1144158673455,529.4750634848579,123.65229277402882,21.000618903917026,1.054085118729426,0.9730016480579318,2163.225914044797
layer_railway_pl.81050,217.36937730255832,878.1722843023356,76.0792820558954,3032.3028133706885,1419.422033785706,331.4883003864014,56.29866872136261,2.8258019049332583,2.6084325276307,5799.197617054953
layer_railway_pl.81051,831.3346510133813,3358.5919900940607,290.96712785468344,11597.11838163667,5428.61527111738,1267.7853427954065,215.31567461246576,10.807350463173956,9.976015812160574,22179.177154385998
layer_railway_pl.81053,964.8942745257661,3898.172869084095,337.71299608401813,13460.275129634438,6300.759612653253,1471.4637686517935,249.90761710217342,12.54362556883496,11.578731294309193,25742.414350072915
layer_railway_pl.81054,988.9947812044815,3995.5389160661052,346.1481734215685,13796.477197802516,6458.135921265264,1508.2170413368342,256.1496483319607,12.856932155658258,11.867937374453778,26385.39176775436
layer_railway_pl.86050,350.0910162926431,1414.3677058222781,122.53185570242508,4883.769677282371,2286.094336390959,533.8887998462807,90.67357321979456,4.551183211804361,4.201092195511717,9340.078223671426
layer_railway_pl.86051,8480.473695976549,34261.11373174526,2968.1657935917924,118302.60805887285,55377.49323472686,12932.722386364236,2196.442687257926,110.24615804769513,101.76568435171858,226250.55773495836
layer_railway_pl.86052,51.86346639825861,209.52840424896476,18.152213239390512,723.4953562557075,338.6684355806287,79.09178625734438,13.43263779714898,0.6742250631773619,0.6223615967791034,1383.6654200391413
layer_railway_pl.86053,5826.3540126616135,23538.47021115292,2039.2239044315647,81277.63847662951,38046.091702680336,8885.189869308959,1509.025689279358,75.74260216460098,69.91624815193936,155441.2987037992
layer_railway_pl.86054,287.70335370755345,1162.321548978516,100.6961737976437,4013.4617842203706,1878.702899710324,438.74761440401903,74.51516861025634,3.7401435981981948,3.4524402444906412,7675.637773563818
layer_railway_pl.86055,13054.584008246444,52740.51939331563,4569.104402886255,182111.4469150379,85246.43357384928,19908.240612575824,3381.137258135829,169.70959210720375,156.65500809895732,348283.2467560069
layer_railway_pl.86056,195.76389981619775,790.8861552574389,68.51736493566922,2730.906402435958,1278.3382657997713,298.53994721970156,50.70285005239522,2.544930697610571,2.349166797794373,5222.785083196341
layer_railway_pl.86057,3579.8284786199774,14462.507053624708,1252.939967516992,49938.607276748684,23376.27996538845,5459.238429895465,927.1755759625742,46.537770222059706,42.95794174343973,95506.24398110238
layer_railway_pl.86058,360.16648686343126,1455.0726069282623,126.05827040220095,5024.322491744866,2351.887159218206,549.2538924667326,93.2831200976287,4.682164329224606,4.321997842361176,9608.881703029481
layer_railway_pl.86059,1025.5209567164677,4143.10466513453,358.93233485076365,14306.017346194723,6696.651847358534,1563.9194589926133,265.6099277895651,13.331772437314081,12.306251480597613,27359.87360423864
layer_railway_pl.86060,50.60928148688447,204.46149720701325,17.713248520409564,705.9994767420384,330.4786081093556,77.17915426749882,13.107803905103077,0.6579206593294981,0.6073113778426137,1350.2050207885907
layer_railway_pl.86061,2200.833882888749,8891.368886870547,770.2918590110622,30701.63266629805,14371.445255263532,3356.271671405342,570.015975668186,28.610840477553737,26.41000659466499,58716.04716158894
layer_railway_pl.86062,1464.0796150067517,5914.881644627277,512.4278652523631,20423.910629344187,9560.43988599409,2232.7214128852966,379.19662028674867,19.03303499508777,17.56895538008102,39060.18004876513
layer_railway_pl.86063,398.7126523172764,1610.7991153617968,139.54942831104674,5562.041499826006,2603.5936196318153,608.0367947838466,103.2665769501746,5.183264480124594,4.7845518278073165,10637.254851172618
layer_railway_pl.86064,894.593563274399,3614.1579956285723,313.1077471460397,12479.580207677865,5841.695968181825,1364.2551839934586,231.69973288806935,11.629716322567187,10.735122759292787,23866.86167459769
layer_railway_pl.86065,108.05747121023357,436.5521836893436,37.82011492358175,1507.4017233827585,705.6152870028252,164.7876435956062,27.986885043450496,1.4047471257330364,1.2966896545228028,2882.865274417821
layer_railway_pl.86066,1363.2491532225733,5507.526579019196,477.1372036279007,19017.325687454897,8902.016970543404,2078.9549586644243,353.0815306846465,17.72223899189345,16.35898983867088,36370.124158825034
layer_railway_pl.86067,185.63245972612805,749.9551372935573,64.97136090414482,2589.5728131794863,1212.1799620116162,283.08950108234524,48.07880706906717,2.4132219764396647,2.227589516713537,4952.488393033371
layer_railway_pl.86068,390.8263380115878,1578.9384055668145,136.7892183040557,5452.027415261649,2552.0959872156686,596.0101654676713,101.22402154500124,5.080742394150641,4.689916056139054,10426.855871811149
layer_railway_pl.86069,1149.177802371282,4642.67832157998,402.21223082994874,16031.030343079385,7504.131049484472,1752.4961486162051,297.6370508141621,14.939311430826667,13.790133628455383,30658.914589463435
layer_railway_pl.86070,77.2613812448134,312.13598022904614,27.04148343568469,1077.7962683651472,504.5168195286316,117.82360639834044,20.010697742406673,1.0043979561825742,0.9271365749377609,2061.256390230377
layer_railway_pl.86071,2678.104217986326,10819.541040664759,937.3364762952142,37359.55384090925,17488.020543450708,4084.1089324291474,693.6289924584585,34.81535483382224,32.13725061583592,71449.1424316572
layer_railway_pl.86072,675.9171846164589,2730.7054258504945,236.57101461576062,9429.044725399603,4413.739215545476,1030.7737065401,175.06255081566286,8.786923400013967,8.111006215397508,18032.79456838251
layer_railway_pl.86073,1197.7040054890663,4838.724182175828,419.1964019211732,16707.970876572475,7821.007155843602,1826.498608370826,310.20533742166816,15.57015207135786,14.372448065868795,31953.5451624428
layer_railway_pl.93604,16905.420441333237,68297.89858298628,5916.897154466633,235830.61515659865,110392.39548190605,25780.766173033186,4378.503894305309,219.7704657373321,202.86504529599887,451019.71195432945
layer_railway_pl.93605,608.7835324393513,2459.48547105498,213.074236353773,8492.530277528951,3975.356466828964,928.3948869700108,157.674934901792,7.914185921711567,7.305402389272216,16241.735861949455
layer_railway_pl.95102,2975.3408820831883,12020.37716361608,1041.3693087291158,41506.00530506048,19428.97596000322,4537.394845176863,770.6132884595459,38.67943146708145,35.70409058499826,79379.11939309738
layer_railway_pl.95103,307.87666937374377,1243.8217442699247,107.75683428081032,4294.879537763726,2010.4346510105468,469.5119207949592,79.74005736779962,4.002396701858669,3.694520032484925,8213.84166222211
layer_railway_pl.95104,35.071566395795735,141.68912823901476,12.275048238528507,489.2483512213505,229.01732856454615,53.484138753588496,9.083535696511095,0.4559303631453445,0.4208587967495488,935.6743198734343
layer_railway_pl.95105,160.79345162750388,649.6055445751157,56.27770806962636,2243.068650203679,1049.9812391276002,245.2100137319434,41.6455039715235,2.0903148711575503,1.9295214195300465,4289.808495970176
layer_railway_pl.95106,127.6390997513958,515.6619629956391,44.67368491298853,1780.5654415319716,833.4833213766146,194.64962712087862,33.05852683561151,1.6593082967681456,1.5316691970167498,3405.283542267489
layer_railway_pl.95107,3243.2122736610286,13102.577585590556,1135.12429578136,45242.81121757135,21178.176147006514,4945.898717333068,839.9919788782065,42.16175955759337,38.91854728393234,86525.66024900257
layer_railway_pl.95108,447.3143532213901,1807.149987014416,156.56002362748654,6240.035227438392,2920.9627265356776,682.1543886626199,115.85441748434003,5.815086591878071,5.3677722386566815,11933.899629593465
layer_railway_pl.95109,676.09513156716,2731.424331531326,236.63329604850603,9431.527085361882,4414.901209133555,1031.045075639919,175.10863907589444,8.78923671037308,8.113141578805921,18037.54201508026
layer_railway_pl.95110,500.0898747014379,2020.3630937938092,175.03145614550326,6976.253752085059,3265.586881800389,762.6370589196928,129.52327754767242,6.501168371118692,6.0010784964172545,13341.897767159662
layer_railway_pl.95111,1902.6474922823732,7686.695868820788,665.9266222988307,26541.932517339108,12424.288124603898,2901.537425730619,492.7857005011346,24.734417399670853,22.83176990738848,50760.73244660143
layer_railway_pl.95112,389.49298056369514,1573.5516414773283,136.3225431972933,5433.427078863547,2543.3891630809294,593.9767953596352,100.87868196599703,5.063408747328037,4.673915766764341,10391.283228458822
layer_railway_pl.95113,915.9239558119366,3700.3327814802237,320.5733845341778,12777.139183576515,5980.983431451946,1396.7840326132034,237.22430455529158,11.907011425555176,10.991087469743238,24435.935217106657
layer_railway_pl.96446,84.39657530514806,340.96216423279816,29.538801356801823,1177.3322255068153,551.1096367426169,128.7047773403508,21.858713004033348,1.097155478966925,1.0127589036617768,2251.6162325660453
layer_railway_pl.96447,46.915838382192895,189.5399870640593,16.420543433767513,654.4759454315908,306.3604246357196,71.54665353284416,12.15120214098796,0.6099058989685076,0.5629900605863147,1251.6676521985241
layer_railway_pl.96448,14.021786514886566,56.64801752014173,4.907625280210298,195.6039218826676,91.56226594220927,21.383224435202013,3.6316427073556206,0.18228322469352537,0.1682614381786388,374.0872424306587
layer_railway_pl.96449,87.5153728383483,353.5621062669272,30.630380493421903,1220.8394510949588,571.4753846344144,133.46094357848116,22.66648156513221,1.137699846898528,1.0501844740601796,2334.822631954294
layer_railway_pl.96450,53.995682008591075,218.14255531470795,18.898488703006876,753.2397640198456,352.5918035160997,82.34341506310139,13.984881640225089,0.701943866111684,0.6479481841030929,1440.5508003072011
layer_railway_pl.96451,58.00108742764403,234.32439320768188,20.30038059967541,809.1151696156343,378.7471009025155,88.45165832715715,15.022281643759802,0.7540141365593724,0.6960130491317283,1547.411011482115
layer_railway_pl.96452,84.17007482695178,340.0471023008852,29.459526189433124,1174.1725438359774,549.630588619995,128.35936411110146,21.80004938018051,1.094210972750373,1.0100408979234212,2245.5734263082463
layer_railway_pl.96453,52.32556946834958,211.39530065213228,18.313949313922354,729.9416940834766,341.68596862832277,79.7964934392331,13.55232249230254,0.6802324030885445,0.627906833620195,1395.9938678460985
layer_railway_pl.96454,89.39259540581116,361.14608543947713,31.287408392033907,1247.0267059110656,583.7336479999469,136.323707993862,23.152682210105095,1.162103740275545,1.072711144869734,2384.905052831636
layer_railway_pl.96455,68.36869838847475,276.20954148943804,23.929044435966162,953.7433425192229,446.44760047674015,104.262265042424,17.70749288261496,0.8887930790501719,0.8204243806616971,1824.008504306118
layer_railway_pl.96456,49.63532051768769,200.52669489145825,17.37236218119069,692.4127212217433,324.11864298050057,75.69386378947372,12.85554801408111,0.6452591667299399,0.5956238462122523,1324.2207160913897
layer_railway_pl.96457,162.91006843737034,658.1566764869763,57.018523953079615,2272.595454701316,1063.8027468960283,248.43785436698977,42.19370772527892,2.1178308896858145,1.9549208212484441,4346.277715840603
layer_railway_pl.96458,246.32821915921232,995.1660054032177,86.21487670572431,3436.2786572710115,1608.5232711096564,375.6505342177988,63.79900876223599,3.20226684906976,2.955938629910548,6571.790558948625
layer_railway_pl.96459,636.8274378254963,2572.7828488150053,222.8896032389237,8883.742757665674,4158.483169000491,971.1618426838819,164.93830639680357,8.278756691731452,7.641929253905955,16989.919213746416
layer_railway_pl.96460,595.0118550171586,2403.8478942693205,208.25414925600552,8300.415377489362,3885.427413262046,907.3930789011669,154.10807044944409,7.735154115223062,7.140142260205903,15874.321280002774
layer_railway_pl.96461,553.4357854465204,2235.8805732039423,193.70252490628215,7720.42920697896,3613.935678965778,843.9895728059437,143.33986843064878,7.194665210804765,6.641229425358245,14765.11331992772
layer_railway_pl.96462,707.7494769242157,2859.307886773832,247.7123169234755,9873.10520309281,4621.604084315129,1079.3179523094288,183.3071145233719,9.200743200014804,8.492993723090589,18882.048294861153
layer_railway_pl.96463,797.5465510402541,3222.0880662026266,279.14129286408894,11125.774387011545,5207.978978292859,1216.2584903363877,206.56455671942584,10.368105163523303,9.57055861248305,21277.74443520294
layer_railway_pl.96469,414.31160237696486,1673.8188736029379,145.00906083193772,5779.64685315866,2705.4547635215804,631.8251936248714,107.3067050156339,5.386050830900544,4.971739228523578,11053.419239815044
layer_railway_pl.102096,161.89640442169068,654.0614738636303,56.663741547591734,2258.454841682585,1057.1835208736402,246.89201674307827,41.93116874521789,2.1046532574819787,1.942756853060288,4319.234173566286
layer_railway_pl.102097,1897.0915253895573,7664.2497625738115,663.9820338863451,26464.426779184323,12388.00766079381,2893.0645762190748,491.34670507589533,24.662189830064246,22.765098304674687,50612.504805868
