id,length,Cement,Steel,Gravel,Sand,Lime,Fly ash,Copper,Aluminum,Total
1534,220.73953765550968,891.7877321282591,77.2588381794284,3079.3165502943602,1441.4291808904782,336.6277949246523,57.17154025277701,2.8696139895216257,2.6488744518661163,5889.110125111342
1535,199.79677916846185,807.1789878405859,69.92887270896165,2787.1650694000427,1304.672967970056,304.6900882319043,51.74736580463162,2.5973581291900043,2.397561350021542,5330.378271435394
1674,612.2714438369776,2473.5766331013892,214.29500534294218,8541.186641525837,3998.132528255464,933.7139518513908,158.5783039537772,7.959528769880709,7.3472573260437315,16334.789850126725
1813,1680.7724203587636,6790.320578249406,588.2703471255672,23446.77526400475,10975.443904942727,2563.1779410471145,435.32005687291985,21.850041464663928,20.16926904430516,44841.32740275146
1814,2145.5318516764,8667.948680772657,750.9361480867401,29930.169330885783,14010.322991446892,3271.93607380651,555.6927495841877,27.891914071793206,25.7463822201168,57240.64427087468
1952,2965.4228069102974,11980.308139917604,1037.8979824186042,41367.64815639865,19364.210929124245,4522.269780538205,768.0445069897671,38.55049648983387,35.58507368292358,79114.51506555984
1953,2965.453146351615,11980.430711260526,1037.9086012230653,41368.07139160503,19364.409045676042,4522.316048186212,768.0523649050682,38.550890902571,35.58543775621938,79115.32449151474
2091,2380.5505251081613,9617.42412143697,833.1926837878565,33208.67982525885,15544.99492895629,3630.3395507899454,616.5625860030137,30.947156826406093,28.566606301297934,63510.70745936064
2092,5020.373730252081,20282.309870218407,1757.1308055882284,70034.21353701653,32783.040458546086,7656.069938634424,1300.2767961352888,65.26485849327705,60.24448476302498,133938.55074939528
2230,138.3029280356225,558.7438292639149,48.40602481246788,1929.325846096934,903.1181200726149,210.91196525432434,35.82045836122623,1.7979380644630927,1.65963513642747,3689.783817062373
2231,5732.058626263818,23157.516850105832,2006.2205191923367,79962.2178363803,37430.34282950274,8741.389405052323,1484.6031842023292,74.51676214142965,68.78470351516582,152925.59209009242
2369,1023.8471323703529,4136.342414776226,358.34649632962356,14282.667496566422,6685.721774378404,1561.366876864788,265.17640728392144,13.310012720814589,12.286165588444236,27315.217644508648
2370,1355.936858556146,5477.98490856683,474.5779004946511,18915.319176858236,8854.267686371633,2067.8037092981226,351.1876463660418,17.627179161229893,16.271242302673752,36175.03944941942
2508,1482.2401783475748,5988.250320524203,518.7840624216511,20677.250487948666,9679.028364609661,2260.4162719800515,383.90020619202187,19.269122318518473,17.786882140170896,39544.68571813495
2509,148.53074041030433,600.0641912576295,51.98575914360652,2072.0038287237453,969.9057348792874,226.5093791257141,38.46946176626882,1.9308996253339563,1.7823688849236519,3962.6516234065093
2647,1760.6786777420753,7113.141858077983,616.2375372097263,24561.46755450195,11497.23176565575,2685.0349835566644,456.0157775351975,22.888822810646978,21.128144132904904,46973.146443480815
2648,38.507665661201465,155.57096927125392,13.477682981420513,537.1819359737605,251.45505676764554,58.72419013333223,9.973485406251179,0.500599653595619,0.4620919879344176,1027.346012175194
2786,1030.9405053104701,4164.999641454299,360.8291768586645,14381.620049081057,6732.04149967737,1572.1842705984668,267.01359087541175,13.402226569036111,12.371286063725641,27504.46174117803
2787,953.507188715413,3852.169042410269,333.72751605039457,13301.42528258001,6226.401942311647,1454.0984627910047,246.95836187729196,12.395593453300368,11.442086264584955,25438.618287738504
2925,1224.3577741910044,4946.405407731658,428.5252209668515,17079.790949964514,7995.0562654672585,1867.1456056412817,317.1086635154701,15.916651064483057,14.692293290292053,32664.641057641806
2926,1605.799406263865,6487.429601306014,562.0297921923527,22400.90171738092,10485.870122903038,2448.8440945523944,415.902046222341,20.875392281430244,19.26959287516638,42841.122359713656
2946,542.0570956516251,2189.910666432565,189.71998347806877,7561.696484340169,3539.6328346051114,826.6370708687282,140.3927877737709,7.046742243471126,6.504685147819501,14461.541254889704
2947,927.9978520452692,3749.1113222628874,324.7992482158442,12945.570036031506,6059.825973855608,1415.1967243690356,240.35144367972475,12.063972076588499,11.13597422454323,24758.054694715735
2948,927.6744344117183,3747.804715023342,324.6860520441014,12941.05836004347,6057.714056708521,1414.7035124778704,240.26767851263503,12.059767647352338,11.132093212940621,24749.42623567023
2949,927.6660548148266,3747.7708614518992,324.6831191851893,12940.94146466683,6057.659337940817,1414.6907335926103,240.26550819704008,12.059658712592746,11.131992657777918,24749.20267640476
2950,927.6632589687306,3747.7595662336716,324.6821406390557,12940.90246261379,6057.641081065811,1414.686469927314,240.2647840729012,12.059622366593498,11.131959107624766,24749.12808602676
2951,927.6631976902598,3747.75931866865,324.68211919159097,12940.901607779124,6057.640680917397,1414.6863764776463,240.26476820177731,12.059621569973379,11.131958372283119,24749.126451178443
2952,927.6631976865351,3747.759318653602,324.68211919028727,12940.901607727166,6057.640680893074,1414.686376471966,240.2647682008126,12.059621569924957,11.131958372238422,24749.12645107907
2953,927.977556349537,3749.0293276521297,324.792144722338,12945.286911076044,6059.693442962478,1415.165773433044,240.3461870945301,12.063708232543982,11.135730676194445,24757.513225849303
2954,927.820516685963,3748.3948874112903,324.73718084008703,12943.096207769184,6058.667973959338,1414.9262879460935,240.30551382166442,12.061666716917518,11.133846200231554,24753.323564664803
2955,928.1576263074255,3749.7568102819996,324.8551692075989,12947.798886988587,6060.86929978749,1415.440380118824,240.3928252136232,12.066049141996533,11.137891515689105,24762.317312255807
2956,887.4820728686468,3585.427574389333,310.61872550402643,12380.374916517623,5795.257935832265,1353.4101611246865,229.85785687297954,11.537266947292409,10.649784874423762,23677.134222062632
2957,64.90306449792739,262.20838057162666,22.716072574274584,905.3977497460871,423.8170111714659,98.97717335933928,16.809893704963194,0.843739838473056,0.7788367739751286,1731.5488577402048
2966,215.77507347358107,871.7312968332674,75.52127571575338,3010.0622749564554,1409.0112297824844,329.0569870472111,55.885744029657495,2.805075955156554,2.589300881682973,5756.663185201669
2967,962.5823707660825,3888.832777894973,336.90382976812884,13428.02407218685,6285.662881102518,1467.9381154182756,249.30883402841536,12.513570819959071,11.550988449192989,25680.735069668313
2968,561.5604939007535,2268.704395359044,196.5461728652637,7833.768889915513,3666.9900251719205,856.3797531986492,145.44416792029517,7.300286420709796,6.7387259268090425,14981.872416778204
3064,1512.1748636304358,6109.18644906696,529.2612022706526,21094.839347644578,9874.501859506745,2306.0666670364144,391.6532896802829,19.658273227195664,18.14609836356523,40343.3131867964
3065,1041.2496180473718,4206.648456911382,364.43736631658015,14525.432171760836,6799.360005849338,1587.905667522242,269.6836510742693,13.536245034615833,12.494995416568461,27779.498559885833
3066,1414.6416021508599,5715.152072689474,495.12456075280096,19734.250350004495,9237.609662045115,2157.3284432800615,366.3921749570727,18.39034082796118,16.97569922581032,37741.22330378279
3074,281.8818637357557,1138.802729492453,98.65865230751449,3932.2519991137915,1840.6885701944846,429.86984219702737,73.00740270756071,3.6644642285648237,3.382582364829068,7520.326242606225
3075,928.1381897829597,3749.678286723157,324.8483664240358,12947.527747472286,6060.742379282727,1415.4107394190135,240.38779115378654,12.065796467178476,11.137658277395516,24761.79876521958
3076,927.6746610888581,3747.805630798987,324.6861313811004,12941.061522189571,6057.715536910244,1414.7038581605088,240.26773722201426,12.059770594155157,11.132095933066298,24749.432283189646
3077,927.6965815900801,3747.8941896239235,324.693803556528,12941.367313181618,6057.858677783223,1414.737286924872,240.27341463183075,12.060055560671042,11.132358979080962,24750.01710024175
3078,927.6637331450197,3747.7614819058795,324.6823066007569,12940.909077373024,6057.644177436978,1414.6871930461548,240.2649068845601,12.059628530885256,11.131964797740237,24749.14073657598
3079,927.6628612444497,3747.7579594275767,324.68200143555737,12940.896914360073,6057.6384839262555,1414.6858633977859,240.26468106231246,12.059617196177847,11.131954334933397,24749.117475140672
3080,927.8477127347946,3748.5047594485704,324.7466994571781,12943.475592650386,6058.845564158209,1414.9677619205618,240.3125575983118,12.06202026555233,11.134172552817535,24754.049128051585
3081,949.6513730501053,3836.5915471224253,332.37798056753684,13247.636654048969,6201.223466017187,1448.2183439014107,245.95970561997726,12.345467849651369,11.395816476601263,25335.74898160376
3082,966.2386396928796,3903.604104359234,338.1835238925079,13479.029023715671,6309.538317194503,1473.5139255316415,250.2558076804558,12.561102316007435,11.594863676314556,25778.280668366337
3083,959.9484324748348,3878.191667198333,335.9819513661922,13391.280633023947,6268.463264060671,1463.9213595241233,248.62664401098223,12.479329622172854,11.51938118969802,25610.46422999612
3084,943.601909003575,3812.1517123744425,330.2606681512512,13163.24663059987,6161.720465793345,1438.9929112304517,244.39289443192592,12.266824817046475,11.3232229080429,25174.355330306378
3085,393.5040756695007,1589.7564657047828,137.72642648432526,5489.381855589535,2569.5816141218393,600.0937153959885,101.9175555984007,5.115552983703509,4.722048908034008,10498.29523478661
3095,41.053941111461434,165.8579220903042,14.368879389011502,572.7024785048869,268.0822354578432,62.607260194978686,10.632970747868512,0.5337012344489986,0.49264729333753726,1095.2780949126795
3096,863.7090127057056,3489.384411331051,302.29815444699693,12048.740727244593,5640.019852968258,1317.1562443762011,223.70063429077777,11.228217165174174,10.364508152468469,23042.892749975523
3097,930.1209380609364,3757.688589766183,325.5423283213277,12975.187085950061,6073.6897255379145,1418.434430542928,240.9013229577825,12.091572194792171,11.161451256731237,24814.69650652772
3098,932.5192710396993,3767.3778550003854,326.3817448638948,13008.643831003807,6089.350839889237,1422.0918883355416,241.52249119928214,12.122750523516093,11.19023125247639,24878.68163206814
3099,930.609782147408,3759.6635198755284,325.7134237515928,12982.006460956341,6076.881877422575,1419.1799177747973,241.02793357617867,12.097927167916303,11.167317385768897,24827.738377910697
3100,930.7158822238098,3760.0921641841915,325.75055877833347,12983.486557022148,6077.574710921478,1419.34172039131,241.05541349596675,12.099306468909528,11.168590586685719,24830.569021849024
3101,929.8096590395498,3756.4310225197814,325.4333806638424,12970.84474360172,6071.65707352826,1417.9597300353134,240.8207016912434,12.087525567514147,11.157715908474598,24806.39189351615
3102,927.847567775544,3748.5041738131977,324.7466487214404,12943.47357046884,6058.844617574303,1414.9675408577045,240.3125200538659,12.062018381082073,11.134170813306527,24754.045260683735
3103,927.6900527480882,3747.867813102276,324.69151846183087,12941.27623583583,6057.816044445016,1414.7273304408343,240.27172366175483,12.059970685725148,11.13228063297706,24749.842917266244
3104,927.7510285830176,3748.114155475391,324.71286000405615,12942.126848733094,6058.214216647105,1414.820318589102,240.28751640300158,12.06076337157923,11.13301234299621,24751.469691566326
3105,746.4121057221482,3015.5049071174785,261.2442370027519,10412.448874823967,4874.071050365627,1138.278461226276,193.3207353820364,9.703357374387927,8.956945268665779,19913.528568561193
3107,584.6639213645618,2362.04224231283,204.63237247759662,8156.061703035637,3817.855406510588,891.6124800809567,151.4279556334215,7.6006309777393035,7.015967056374741,15598.248758085145
3108,678.9086924537136,2742.791117513003,237.61804235879976,9470.776259729304,4433.273761722749,1035.3357559919132,175.8373513455118,8.825813001898277,8.146904309444563,18112.605005972626
3203,1965.0960290265384,7938.987957267216,687.7836101592884,27413.089604920213,12832.077069543298,2996.771444265471,508.95987151787347,25.546248377345,23.58115234831846,52426.79695839902
3204,50.71870687897584,204.90357579106237,17.751547407641542,707.5259609617128,331.19315591971224,77.34602799043815,13.136145081654742,0.6593431894266859,0.6086244825477101,1353.1243808241964
3205,850.4162663282042,3435.681715965945,297.64569321487147,11863.306915278448,5553.218219123173,1296.8848061505112,220.25781297900488,11.055411462266655,10.20499519593845,22688.25556937016
3206,536.8369030034034,2168.82108813375,187.8929160511912,7488.874796897479,3505.5449766122247,818.6762770801904,139.0407578778815,6.978879739044245,6.442042836040842,14322.271735227803
3209,384.8588490609019,1554.8297502060436,134.70059717131568,5368.780944399581,2513.128284367689,586.9097448178754,99.67844190677359,5.0031650377917245,4.6183061887308225,10267.649234095803
3210,1002.578559501962,4050.4173803879266,350.90249582568674,13985.97090505237,6546.8379935478115,1528.9323032404923,259.66784691100816,13.033521273525508,12.030942714023546,26747.793388952843
3211,954.0053380558207,3854.1815657455154,333.90186831953724,13308.3744658787,6229.654857504509,1454.8581405351267,247.08738255645756,12.402069394725668,11.44806405666985,25451.90841399124
3212,943.4028311200165,3811.3474377248667,330.19099089200574,13160.46949412423,6160.420487213707,1438.689317458025,244.34133326008427,12.264236804560213,11.320833973440198,25169.04413145092
3213,650.8754124162597,2629.536666161689,227.80639434569088,9079.712003206823,4250.216443078176,992.585003934796,168.57673181581123,8.461380361411376,7.810504948995115,17364.70512785339
3247,1193.2838935242403,4820.86692983793,417.64936273348405,16646.31031466315,7792.143824713288,1819.7579376244664,309.06052842277825,15.51269061581512,14.319406722290882,31835.620995333204
3342,1501.23850005315,6065.003540214726,525.4334750186025,20942.277075741444,9803.087405347069,2289.388712581054,388.8207715137658,19.51610050069095,18.014862000637798,40051.54194291799
3345,587.9143797276023,2375.1740940995132,205.7700329046608,8201.405597200053,3839.0808996212436,896.5694290845935,152.26982434944898,7.642886936458829,7.054972556731228,15684.967736752704
3346,946.3427572110957,3823.2247391328265,331.2199650238835,13201.481463094784,6179.618204588454,1443.172704746921,245.1027741176738,12.302455843744243,11.35611308653315,25247.47841963482
3347,950.4757236812834,3839.9219236723848,332.6665032884492,13259.136345353903,6206.60647563878,1449.475478613957,246.1732124334524,12.356184407856684,11.4057086841754,25357.741832092957
3348,626.5403912308943,2531.2231805728134,219.28913693081302,8740.238457670976,4091.30875473774,955.4740966271138,162.27396132880162,8.145025086001626,7.5184846947707324,16715.47109764903
3386,2914.0370420277054,11772.70964979193,1019.9129647096969,40650.81673628649,19028.661884440913,4443.906489092251,754.7355938851756,37.88248154636017,34.96844450433247,77743.59424425715
3481,995.4131409834815,4021.4690895732656,348.3945993442186,13886.013316719569,6500.047810622134,1518.0050399998095,257.8120035147217,12.940370832785261,11.944957691801779,26556.627188298306
3525,2424.1490474644133,9793.562151756229,848.4521666125446,33816.879212128566,15829.693279942618,3696.8272973832304,627.854603293283,31.513937617037367,29.08978856957296,64673.87243730307
3619,26.449949857185356,106.85779742302884,9.257482450014875,368.9768005077357,172.71817256742037,40.336173532207674,6.850537013011007,0.3438493481434096,0.31739939828622427,705.6582122398481
3620,201.62831702176612,814.5784007679351,70.56991095761815,2812.715022453637,1316.6329101521328,307.48318345819337,52.22173410863743,2.6211681212829596,2.4195398042611935,5379.241869823699
3664,1001.9398583175226,4047.8370276027913,350.6789504111329,13977.06102352944,6542.667274813422,1527.958283934222,259.5024233042384,13.025218158127794,12.023278299810272,26730.753480053187
3803,319.3510590795204,1290.1782786812623,111.77287067783212,4454.947274159309,2085.362415789268,487.0103650962686,82.71192430159577,4.151563768033765,3.8322127089542444,8519.966905182524
3804,1057.0695665920202,4270.561049031761,369.97434830720704,14746.120453958682,6902.664269845892,1612.0310890528308,273.7810177473332,13.74190436569626,12.684834799104241,28201.558967108504
3943,174.6922712938234,705.7567760270466,61.1422949528382,2436.9571845488367,1140.740531548667,266.40571372308074,45.24529826510027,2.270999526819704,2.0963072555258813,4660.615105847915
3944,1038.7905178937258,4196.713692290652,363.576681262804,14491.127724617476,6783.30208184603,1584.155539787932,269.046744134475,13.504276732618436,12.46548621472471,27713.89222688671
3945,993.8093881425858,4014.9899280960467,347.83328584990505,13863.640964589074,6489.575304571086,1515.5593169174433,257.3966315289298,12.919522045853618,11.925712657711031,26513.840666256052
4084,41.348213874208355,167.04678405180178,14.471874855972924,576.8075835452066,270.00383659858056,63.05602615816774,10.709187393419965,0.5375267803647087,0.4961785664905003,1103.1289979500048
4085,1035.2911370571983,4182.576193711082,362.3518979700194,14442.311361947917,6760.451124983506,1578.8189840122277,268.1404044978144,13.458784781743578,12.423493644686381,27620.532245548995
4086,1036.3397012656028,4186.812393113035,362.71889544296096,14456.938832655158,6767.298249264386,1580.4180444300441,268.4119826277911,13.472416116452838,12.436076415187234,27648.506890065022
4087,106.01204149183116,428.2886476269979,37.10421452214091,1478.8679788110444,692.2586309416574,161.6683632750425,27.457118746384268,1.3781565393938051,1.2721444979019738,2828.2952549605634
4177,216.99020715443197,876.6404369039051,75.94657250405119,3027.013389804326,1416.9460527184408,330.91006591050876,56.20046365299788,2.8208726930076153,2.6038824858531835,5789.081736673091
4226,929.115017022561,3753.6246687711464,325.19025595789634,12961.154487464726,6067.121061157322,1416.9004009594055,240.64078940884332,12.078495221293291,11.14938020427073,24787.859539144905
4227,1035.127058514599,4181.913316398981,362.2944704801097,14440.022466278657,6759.379692100332,1578.5687642347636,268.0979081552812,13.456651760689788,12.42152470217519,27616.15479411099
4228,260.22993515684425,1051.328938033651,91.0804773048955,3630.2075954379775,1699.3014765741932,396.8506511141875,67.39955320562267,3.382989157038976,3.1227592218821316,6942.674440049448
4316,512.7236452356342,2071.403526751962,179.45327583247197,7152.494851037097,3348.0854033886912,781.9035589843421,132.79542411602927,6.665407388063244,6.152683742827611,13678.954131241486
4367,774.9234403617618,3130.690699061518,271.2232041266166,10810.181993046577,5060.250065562304,1181.7582465516866,200.7051710536963,10.074004724702903,9.299081284341142,20674.18246541144
4368,1035.209702558326,4182.247198335637,362.3233958954141,14441.175350688645,6759.919357705869,1578.694796401447,268.1193129626064,13.457726133258237,12.422516430699911,27618.359654553577
4369,413.68054993154726,1671.2694217234507,144.78819247604156,5770.843671545084,2701.333991053004,630.8628386456095,107.14326243227073,5.377847149110114,4.964166599178567,11036.583391623748
4455,512.7101065392352,2071.3488304185103,179.44853728873233,7152.305986222332,3347.996995701206,781.8829124723336,132.79191759366194,6.665231385010057,6.152521278470822,13678.592932360256
4508,621.5291526224069,2510.9777765945237,217.5352034178424,8670.331679082577,4058.5853666243174,947.8319577491704,160.97605052920338,8.07987898409129,7.458349831468883,16581.776262813193
4509,1035.3639679483726,4182.870430511426,362.3773887819304,14443.327352879798,6760.926710702874,1578.9300511212682,268.15926769862847,13.459731583328846,12.424367615380472,27622.475300894635
4510,578.2696501936948,2336.209386782527,202.39437756779319,8066.861620202042,3776.100815764827,881.8612165453847,149.77183940016695,7.517505452518032,6.939235802324338,15427.655997517584
4594,228.1569727909715,921.7541700755249,79.85494047684003,3182.7897704340526,1489.865032325044,347.93938350623154,59.09265595286162,2.9660406462826296,2.737883673491658,6086.999877090329
4595,281.53730532253877,1137.4107135030567,98.53805686288857,3927.4454092494157,1838.4386037561783,429.34439061687164,72.91816207853755,3.6599849691930038,3.3784476638704657,7511.133768700012
4649,448.4332150639305,1811.6701888582793,156.95162527237568,6255.6433501418305,2928.268894367466,683.860652972494,116.14420270155799,5.829631795831096,5.381198580767166,11963.749744690602
4650,998.0337092094865,4032.0561852063256,349.31179822332024,13922.570243472337,6517.1601211379475,1522.0014065444668,258.490730685257,12.974438219723325,11.976404510513838,26626.54132799989
4651,967.3193313479921,3907.9700986458884,338.56176597179723,13494.10467230449,6316.595233702388,1475.1619803056878,250.53570681912993,12.575151307523896,11.607831976175905,25807.11244103308
4652,730.6298208874839,2951.7444763854346,255.72043731061933,10192.2860013804,4771.0127303952695,1114.210476853413,189.23312360985832,9.498187671537291,8.767557850649807,19492.47299145718
4733,72.90390282468724,294.53176741173644,25.516365988640533,1017.009444404387,476.06248544520764,111.17845180764803,18.882110831593995,0.9477507367209341,0.8748468338962468,1945.0032234598307
4734,434.8003459112318,1756.5933974813763,152.18012106893113,6065.464825461683,2839.2462588003436,663.0705275146285,112.61328959100904,5.652404496846013,5.217604150934782,11600.038428565751
4791,218.7390904728679,883.7059255103864,76.55868166550377,3051.4103120965074,1428.3662607878273,333.5771129711236,56.65342443247279,2.8436081761472827,2.6248690856744146,5835.740194725642
4792,934.9825127433916,3777.329351483302,327.24387946018703,13043.006052770312,6105.435808214347,1425.8483319336724,242.1604708005384,12.15477266566409,11.219790152920698,24944.398457480944
4793,931.2042048891258,3762.064987752068,325.92147171119404,12990.298658203305,6080.763457925991,1420.0864124559166,241.1818890662836,12.105654663558635,11.17445045866951,24843.596982236988
4794,931.0360202921449,3761.3855219802654,325.86260710225076,12987.952483075424,6079.665212507707,1419.829930945521,241.13832925566555,12.103468263797886,11.172432243505739,24839.109985374133
4795,930.7142156794313,3760.0854313449026,325.74997548780095,12983.463308728067,6077.5638283866865,1419.3391789111326,241.0549818609727,12.099284803832607,11.168570588153177,24830.524560111546
4796,930.669239653916,3759.9037282018207,325.73423387887055,12982.835893172127,6077.27013494007,1419.270590472222,241.0433330703642,12.098700115500908,11.168030875846991,24829.32464472682
4797,930.3202983349097,3758.4940052730353,325.6121044172184,12977.96816177199,6074.991548126962,1418.7384549607373,240.9529572687416,12.094163878353825,11.163843580018916,24820.01523927706
4798,931.0308675324904,3761.3647048312614,325.86080363637166,12987.880602078241,6079.631564987162,1419.8220729870477,241.136994690915,12.103401277922377,11.172370410389885,24838.97251489931
4799,931.1790849668283,3761.9635032659858,325.9126797383899,12989.948235287253,6080.599424833389,1420.048104574413,241.17538300640848,12.105328104568766,11.174149019601938,24842.92680783001
4800,930.3240795458274,3758.5092813651427,325.6134278410396,12978.02090966429,6075.016239434253,1418.7442213073866,240.9539366023693,12.094213034095757,11.163888954549929,24820.116118203132
4801,929.5425050843716,3755.351720540861,325.3398767795301,12967.117945926984,6069.912558200946,1417.5523202536665,240.75150881685224,12.08405256609683,11.15451006101246,24799.26449314595
4802,928.39841234437,3750.729585871255,324.9394443205295,12951.157852203962,6062.441632608736,1415.8075788251642,240.45518879719185,12.069179360476811,11.140780948132441,24768.741242935444
4803,927.6766889868838,3747.8138235070105,324.6868411454093,12941.089811367028,6057.728779084351,1414.7069507049978,240.2682624476029,12.05979695682949,11.132120267842605,24749.486385481072
4804,927.6766889831551,3747.813823491947,324.68684114410433,12941.089811315014,6057.728779060003,1414.7069506993116,240.26826244663718,12.059796956781017,11.132120267797863,24749.4863853816
4805,927.6859099793244,3747.8510763164704,324.69006849276354,12941.218444211574,6057.788992164988,1414.7210127184694,240.270650684645,12.059916829731216,11.13223091975189,24749.732392338396
4806,927.6881415110845,3747.8600917047816,324.69084952887954,12941.249574079628,6057.803564067382,1414.7244158044036,240.27122865137088,12.059945839644097,11.132257698133014,24749.791927374223
4807,927.6881415110878,3747.8600917047947,324.69084952888073,12941.249574079673,6057.803564067403,1414.7244158044086,240.27122865137176,12.059945839644142,11.132257698133053,24749.79192737431
4808,927.6881415110845,3747.8600917047816,324.69084952887954,12941.249574079628,6057.803564067382,1414.7244158044036,240.27122865137088,12.059945839644097,11.132257698133014,24749.791927374223
4809,927.6881415073592,3747.8600916897312,324.6908495275757,12941.24957402766,6057.803564043055,1414.7244157987227,240.27122865040602,12.05994583959567,11.13225769808831,24749.791927274833
4810,927.6881415110878,3747.8600917047947,324.69084952888073,12941.249574079673,6057.803564067403,1414.7244158044086,240.27122865137176,12.059945839644142,11.132257698133053,24749.79192737431
4811,724.4452730796104,2926.7589032416254,253.55584557786364,10106.011559460565,4730.627633209855,1104.7790414464057,187.63132572761907,9.417788550034935,8.693343276955325,19327.475440490925
4812,463.83635586309794,1873.8988776869157,162.3427245520843,6470.517164290216,3028.8514037860296,707.3504426912244,120.13361616854237,6.029872626220274,5.566036270357175,12374.69013807159
4813,463.8465251303443,1873.9399615265909,162.34628379562048,6470.659025568303,3028.917809101148,707.365950823775,120.13625000875916,6.030004826694476,5.566158301564132,12374.961443952454
4814,464.040105109139,1874.7220246409215,162.41403678819867,6473.359466272489,3030.1818863626777,707.661160291437,120.18638722326699,6.032521366418806,5.568481261309668,12380.12596420672
4815,466.4086162059466,1884.2908094720242,163.24301567208133,6506.400196072955,3045.6482638248312,711.2731397140686,120.79983159734017,6.063312010677306,5.596903394471359,12443.31547175845
4816,283.86149748677207,1146.800449846559,99.35152412037021,3959.8678899404704,1853.6155785886217,432.8887836673274,73.52012784907396,3.690199467328037,3.4063379698412644,7573.140891449592
4872,538.1461229622978,2174.1103367676833,188.35114303680422,7507.138415324054,3514.0941829438048,820.6728375175041,139.37984584723512,6.9958995985098715,6.457753475547573,14357.200414511142
4955,187.18043896906403,756.2089734350187,65.5131536391724,2611.167123618443,1222.288266467988,285.45016942782263,48.47973369298758,2.4333457065978323,2.2461652676287684,4993.7869312556595
4956,478.19227814591324,1931.8968037094896,167.36729735106962,6670.78228013549,3122.5955762928133,729.2432241725177,123.85180003979153,6.216499615896873,5.7383073377509595,12757.69178865482
4957,489.5445836899366,1977.7601181073437,171.3406042914778,6829.146942474616,3196.7261314952857,746.5554901271533,126.79204717569357,6.364079587969176,5.874535004279239,13060.559948263819
4958,478.3891251788271,1932.6920657224616,167.4361938125895,6673.528296244638,3123.880987417741,729.5434158977113,123.90278342131622,6.219058627324753,5.740669502145925,12762.943470645929
5011,480.8975473568324,1942.8260913216027,168.31414157489135,6708.520785627811,3140.2609842401157,733.3687597191694,124.55246476541959,6.251668115638822,5.770770568281988,12829.865665932932
5097,25.960115322472127,104.8788659027874,9.086040362865244,362.14360874848614,169.519553055743,39.58917586676999,6.723669868520281,0.33748149919213766,0.31152138386966555,692.5899166882339
5098,523.5929352109092,2115.3154582520733,183.2575273238182,7304.121446192184,3419.061866927237,798.4792261966365,135.6105702196255,6.806708157741819,6.283115222530911,13968.935918491848
5099,455.57032105675523,1840.5040970692912,159.44961236986433,6355.205978741736,2974.8741965006116,694.7447396115517,117.9927131536996,5.922414173737818,5.4668438526810625,12154.160595473171
5149,248.82170994910678,1005.2397081943914,87.08759848218737,3471.0628537900398,1624.8057659676674,379.45310767238783,64.44482287681865,3.234682229338388,2.985860519389281,6638.31439973222
5238,94.43921930404727,381.53444598835097,33.053726756416545,1317.4271092914594,616.6881020554287,144.0198094386721,24.459757799748242,1.2277098509526145,1.1332706316485675,2519.543931812677
5239,585.823785371198,2366.72809289964,205.0383248799193,8172.241805928213,3825.429318473923,893.381272691077,151.72836041114027,7.6157092098255745,7.029885424454377,15629.192769918192
5240,127.50898828417397,515.1363126680628,44.62814589946089,1778.7503865642268,832.633693495656,194.4512071333653,33.024827965601055,1.6576168476942617,1.5301078594100876,3401.8122984334773
5288,396.60444425462185,1602.2819547886722,138.81155548911767,5532.631997351975,2589.827020982681,604.8217774882984,102.72055106194706,5.155857775310085,4.759253331055462,10581.009968269056
5379,475.24442051615654,1919.9874588852724,166.3355471806548,6629.659666200384,3103.3460659705024,724.7477412871386,123.08830491368454,6.178177466710036,5.702933046193879,12679.045894950541
5380,298.5837560199067,1206.278374320423,104.50431460696734,4165.243396477698,1949.7519268099904,455.3402279303577,77.33319280915582,3.8815888282587867,3.58300507223888,7965.9160268550895
5426,328.7544420383581,1328.1679458349665,115.06405471342534,4586.124466435095,2146.7665065104784,501.3505241084961,85.14740048793475,4.2738077464986555,3.945053304460297,8770.839759141356
5427,286.5416859803555,1157.6284113606364,100.28959009312443,3997.256519425959,1871.1172094517215,436.9760711200422,74.21429666891208,3.7250419177446217,3.4385002317642663,7644.645640269904
5519,301.48001981651424,1217.9792800587177,105.51800693577998,4205.646276440373,1968.664529401838,459.7570302201842,78.08332513247719,3.919240257614685,3.617760237798171,8043.185448684783
5520,476.87878075616453,1926.5902742549047,166.90757326465757,6652.458991548496,3114.0184383377546,727.2401406531509,123.51160421584662,6.199424149830139,5.722545369073974,12722.648991793712
5564,291.16164356626996,1176.2930400077307,101.90657524819449,4061.704927749466,1901.2855324877428,444.0215064385617,75.41086568366391,3.7851013663615096,3.4939397227952393,7767.901488704517
5565,374.81413437032677,1514.24910285612,131.18494702961436,5228.657174466059,2447.5362974382338,571.5915549147483,97.07686080191463,4.872583746814248,4.49776961244392,9999.66629086595
5659,124.50500312020515,503.00021260562875,43.576751092071795,1736.8447935268618,813.0176703749396,189.87012975831286,32.246795808133136,1.6185650405626668,1.4940600374424617,3321.668978243953
5660,609.5548165377696,2462.6014588125895,213.34418578821936,8503.289690701888,3980.392951991636,929.5710952200986,157.87469748328232,7.9242126149910055,7.314657798453236,16262.312950411157
5661,26.767636844555383,108.14125285200375,9.368672895594383,373.4085339815476,174.79266859494666,40.820646187946956,6.932817942739844,0.34797927897922,0.3212116421346646,714.133783375893
5702,207.579659286064,838.6218235156986,72.65288075012239,2895.7362470405924,1355.4951751379979,316.5589804112476,53.763131755090576,2.698535570718832,2.4909559114327675,5538.017730092901
5703,421.9122829517439,1704.5256231250453,147.66929903311038,5885.676347176827,2755.087207674888,643.4162315014095,109.27528128450167,5.484859678372671,5.062947395420927,11256.197796869576
5800,620.8537467320886,2508.2491367976377,217.298811356231,8660.909766912635,4054.174966160538,946.801963766435,160.80112040361092,8.071098707517152,7.450244960785063,16563.75710906539
5801,80.10630701550807,323.6294803426526,28.037207455427822,1117.4829828663376,523.0941848112676,122.1621181986498,20.74753351701659,1.041381991201605,0.9612756841860968,2137.15616486674
5841,357.5679004432566,1444.5743177907564,125.1487651551398,4988.072211183429,2334.9183898944652,545.2910481759662,92.61008621480345,4.6483827057623355,4.290814805319079,9539.554015925642
5940,636.263788054708,2570.5057037410206,222.6923258191478,8875.879843363176,4154.8025359972435,970.3022767834296,164.79232110616937,8.271429244711204,7.6351654566564955,16974.881601511555
6079,14.4801104887957,58.49964637473463,5.0680386710784955,201.99754131870003,94.55512149183592,22.082168495413445,3.7503486165980866,0.1882414363543441,0.1737613258655484,386.3148677305805
6080,594.3202607231993,2401.0538533217255,208.01209125311976,8290.767637088631,3880.9113025224915,906.338397602879,153.92894752730865,7.7261633894015915,7.131843128678392,15855.870235834234
6219,202.4720347107229,817.9870202313206,70.86521214875302,2824.4848842145843,1322.1423866610207,308.76985293385246,52.44025699007723,2.6321364512393974,2.4296644165286745,5401.751414047376
6220,403.5835052508185,1630.477361213307,141.25422683778646,5629.9898982489185,2635.400289287845,615.4648455074982,104.528127859962,5.246585568260641,4.8430020630098225,10767.204336586587
6359,394.37597467962496,1593.278937705685,138.03159113786873,5501.544846780768,2575.2751146579512,601.4233613864282,102.14337744202285,5.126887670835124,4.732511696155499,10521.556628477714
6360,211.85281334669398,855.8853659206436,74.1484846713429,2955.346746186381,1383.3988711539118,323.07554035370833,54.869878656793745,2.7540865735070215,2.542233760160328,5652.021207276449
6499,578.8774470924649,2338.664886253558,202.60710648236272,8075.340386939884,3780.0697295137957,882.7881068160088,149.9292587969484,7.525406812202044,6.946529365109579,15443.871410979871
6500,29.668408179746834,119.86036904617721,10.383942862911391,413.87429410746836,193.7347054137468,45.24432247411392,7.68411771855443,0.38568930633670884,0.35602089815696203,791.5234618274658
6639,611.1482695418694,2469.039008949152,213.90189433965426,8525.518360109078,3990.798200108407,932.0011110513507,158.28740181134418,7.944927504044302,7.3337792345024315,16304.824683107532
6778,147.30264594095365,595.1026896014528,51.55592607933378,2054.8719108763034,961.8862779944274,224.63653505995433,38.151385298707,1.9149343972323976,1.767631751291444,3929.8872910587024
6779,458.998133107289,1854.3524577534477,160.64934658755115,6403.023956846681,2997.257809190597,699.9721529886157,118.88051647478784,5.966975730394757,5.507977597287468,12245.611193169363
6918,339.0421039576918,1369.7300999890747,118.66473638519213,4729.6373502098,2213.944938843727,517.0392085354799,87.81190492504217,4.407547351449994,4.068505247492301,9045.30429148726
6919,266.7914031425421,1077.8372686958699,93.37699109988974,3721.740073838462,1742.1478625208,406.8568897923767,69.0989734139184,3.468288240853047,3.201496837710505,7117.727844439881
7058,535.273170286317,2162.5036079567208,187.34560960021096,7467.0607254941215,3495.3338019696503,816.2915846866333,138.6357511041561,6.958551213722121,6.423278043435804,14280.552910068653
7059,68.71884300538088,277.62412574173874,24.051595051883304,958.6278599250633,448.7340448251371,104.79623558320584,17.798180338393646,0.8933449590699514,0.8246261160645705,1833.3500125405565
7198,606.1703012007522,2448.9280168510386,212.1596054202633,8456.075701750493,3958.292066840912,924.4097093311472,156.99810801099483,7.880213915609779,7.274043614409027,16172.017465734867
7337,119.46593616764551,482.64238211728787,41.81307765867593,1666.5498095386547,780.1125631747252,182.18555265565942,30.941677467420188,1.5530571701793916,1.433591234011746,3187.2317110166146
7338,486.81478340065433,1966.7317249386433,170.385174190229,6791.066228439128,3178.900535606273,742.3925446859979,126.08502890076947,6.328592184208507,5.841777400807852,12987.731606346058
7477,308.83304555892533,1247.6855040580583,108.09156594562387,4308.220985547008,2016.6797874997824,470.97039447736114,79.98775879976166,4.01482959226603,3.7059965467071043,8239.356822466569
7478,301.79579309957336,1219.2550041222764,105.62852758485067,4210.051313739048,1970.7265289402142,460.2385844768494,78.16511041278949,3.9233453102944535,3.6215495171948806,8051.609964103518
7617,491.91564572619,1987.3392087338075,172.1704760041665,6862.2232578803505,3212.2091665920207,750.1713597324398,127.40615224308321,6.39490339444047,5.90298774871428,13123.817512329024
7618,114.66809608875882,463.25910819858564,40.133833631065585,1599.6199404381855,748.782667459595,174.8688465353572,29.69903688698853,1.4906852491538645,1.3760171530651057,3059.2301355519967
7757,603.0860983814574,2436.467837461088,211.08013443351012,8413.05107242133,3938.152222430917,919.7063000317225,156.1992994807975,7.840119278958946,7.237033180577489,16089.734018718904
7896,87.36285548875979,352.9459361745896,30.576999421065928,1218.711834068199,570.4794463416016,133.2283546203587,22.62697957158879,1.1357171213538775,1.0483542658651175,2330.753621584623
7897,520.9173787537165,2104.506210165015,182.3210825638008,7266.797433614346,3401.5904832617694,794.3990025994177,134.91760109721258,6.771925923798315,6.2510085450445985,13897.554747770404
8036,273.79125822908804,1106.1166832455158,95.82694038018083,3819.388052295778,1787.8569162359452,417.5316687993593,70.9119358813338,3.5592863569781445,3.285495098749057,7304.47697829384
8037,332.7055566678447,1344.1304489380925,116.44694483374565,4641.242515516434,2172.567285041026,507.37597391846316,86.17073917697178,4.325172236681981,3.9924666800141364,8876.25154634143
8176,461.2661941444269,1863.5154243434845,161.44316795054942,6434.663408314754,3012.0682477631076,703.4309460702509,119.46794428340655,5.996460523877549,5.535194329733122,12306.120793579164
8177,143.9196768913259,581.4354946409567,50.37188691196407,2007.6794926339962,939.7954901003582,219.47750725927202,37.27519631485341,1.8709557995872368,1.7270361226959108,3839.6330597836836
8316,603.201005058791,2436.9320604375152,211.12035177057683,8414.654020570133,3938.9025630339047,919.8815327146561,156.22906031022683,7.841613065764282,7.238412060705491,16092.799613963483
8455,58.30102784968998,235.53615251274752,20.405359747391493,813.2993385031751,380.7057118584756,88.90906747077723,15.099966213069704,0.7579133620459697,0.6996123341962798,1555.413122001879
8456,549.7961407522646,2221.176408639149,192.4286492632926,7669.656163494092,3590.1687991122876,838.4391146472035,142.39720045483654,7.147349829779439,6.597553689027175,14668.011239129666
8595,250.94159271289166,1013.8040345600824,87.82955744951208,3500.635218344839,1638.6486004151825,382.6859288871598,64.99387251263894,3.2622407052675917,3.0112991125547,6694.870751987237
8596,352.39676641354504,1423.6829363107217,123.33886824474075,4915.934891468953,2301.150884680449,537.4050687806562,91.27076250110815,4.581157963376085,4.22876119696254,9401.593331146967
8735,444.357961119254,1795.2061629217862,155.52528639173892,6198.793557613593,2901.657486108729,677.6458907068624,115.08871192988678,5.7766534945503025,5.332295533431048,11855.026044700578
8736,163.55353361331123,660.7562757977773,57.243736764658934,2281.5717939056917,1068.0045744949223,249.41913876029963,42.36036520584761,2.1261959369730463,1.9626424033597347,4363.44472326953
8875,605.5754710271557,2446.524902949709,211.9514148595045,8447.777820828822,3954.4078258073264,923.5025933164125,156.8440469960333,7.872481123353024,7.266905652325868,16156.147991533486
9014,27.201363275911458,109.8935076346823,9.52047714656901,379.4590176989649,177.6249021917018,41.48207899576498,7.045153088461068,0.353617722586849,0.3264163593109375,725.7051708380418
9015,580.287770060797,2344.36259104562,203.10071952127896,8095.014392348118,3789.279138497004,884.9388493427155,150.29453244574643,7.543741010790361,6.963453240729565,15481.497417452003
9154,216.85534640394366,876.0955994719324,75.89937124138028,3025.132082335014,1416.0654120177521,330.7044032660141,56.16553471862141,2.8191195032512675,2.6022641568473235,5785.483786710813
9155,386.7677296986161,1562.541627982409,135.36870539451564,5395.409829295695,2525.593274931963,589.8207877903897,100.17284199194158,5.02798048608201,4.641212756383393,10318.576260629377
9294,408.69054823659076,1651.1098148758267,143.04169188280676,5701.233147900441,2668.7492799849374,623.2530860608009,105.850851993277,5.31297712707568,4.9042865788390895,10903.455136404003
9295,197.4145981437186,797.5549765006232,69.09510935030151,2753.933644104874,1289.1173258784822,301.0572621691708,51.130380919223114,2.5663897758683416,2.368975177724623,5266.824063876268
9434,599.8994997506605,2423.5939789926683,209.9648249127312,8368.598021521715,3917.3437333718134,914.8467371197573,155.37397043542106,7.798693496758586,7.198793997007926,16004.718753847872
9435,8.73980306083593,35.308804365777156,3.0589310712925757,121.92025269866122,57.07091398725862,13.328199667774793,2.263608992756506,0.1136174397908671,0.10487763673003116,233.16920586004179
9574,604.8120775077444,2443.4407931312876,211.68422712771056,8437.128481233034,3949.422866125571,922.3384181993104,156.64632807450582,7.862557007600678,7.257744930092933,16135.781415829115
9713,187.77298550355982,758.6028614343817,65.72054492624595,2619.4331477746596,1226.1575953382455,286.3538028929287,48.633203245421996,2.4410488115462776,2.253275826042718,5009.5954802494725
9714,420.4527343979654,1698.6290469677801,147.1584570392879,5865.315644851617,2745.556355618714,641.1904199568972,108.89725820907304,5.46588554717355,5.045432812775585,11217.25850100332
9853,209.25388896589382,845.385711422211,73.23886113806284,2919.091751074219,1366.4278949472866,319.1121806729881,54.196757242166505,2.7203005565566194,2.511046667590726,5582.6845037210815
10133,127.3084821690541,514.3262679629786,44.557968759168936,1775.9533262583047,831.3243885639233,194.1454353078075,32.97289688178501,1.6550102681977032,1.5277017860286493,3396.4629957881943
10272,80.3017164368807,324.418934404998,28.10560075290825,1120.208944294486,524.370208332831,122.46011756624308,20.798144557152103,1.043922313679449,0.9636205972425684,2142.36949281954
